{"resourceType":"CodeSystem","id":"CSPrestaciones","text":{"status":"generated","div":"<div xmlns=\"http://www.w3.org/1999/xhtml\"><p class=\"res-header-id\"><b>Generated Narrative: SistemaDeCodigos CSPrestaciones</b></p><a name=\"CSPrestaciones\"> </a><a name=\"hcCSPrestaciones\"> </a><p>This case-sensitive code system <code>https://interoperabilidad.minsal.cl/fhir/ig/agenda/CodeSystem/CSPrestaciones</code> defines the following codes:</p><table class=\"codes\"><tr><td style=\"white-space:nowrap\"><b>Code</b></td><td><b>Display</b></td></tr><tr><td style=\"white-space:nowrap\">1<a name=\"CSPrestaciones-1\"> </a></td><td>OTRAS CONSULTAS (ABREVIADAS)</td></tr><tr><td style=\"white-space:nowrap\">2<a name=\"CSPrestaciones-2\"> </a></td><td>APLICACIÓN DE SELLANTES</td></tr><tr><td style=\"white-space:nowrap\">3<a name=\"CSPrestaciones-3\"> </a></td><td>APLICACIÓN DE TEPSI</td></tr><tr><td style=\"white-space:nowrap\">4<a name=\"CSPrestaciones-4\"> </a></td><td>APLICACIÓN EEDP</td></tr><tr><td style=\"white-space:nowrap\">5<a name=\"CSPrestaciones-5\"> </a></td><td>ATENCIÓN DE PODOLOGIA</td></tr><tr><td style=\"white-space:nowrap\">6<a name=\"CSPrestaciones-6\"> </a></td><td>ATENCIÓN EN SALA DE ESTIMULACIÓN</td></tr><tr><td style=\"white-space:nowrap\">7<a name=\"CSPrestaciones-7\"> </a></td><td>ATENCIÓN FARMACEÚTICA</td></tr><tr><td style=\"white-space:nowrap\">8<a name=\"CSPrestaciones-8\"> </a></td><td>ATENCIÓN POR SALUD DIGITAL</td></tr><tr><td style=\"white-space:nowrap\">9<a name=\"CSPrestaciones-9\"> </a></td><td>ATENCIÓN PROFESIONAL POR VIDEOLLAMADA</td></tr><tr><td style=\"white-space:nowrap\">10<a name=\"CSPrestaciones-10\"> </a></td><td>CLINICA O CONSULTA DE LACTANCIA MATERNA</td></tr><tr><td style=\"white-space:nowrap\">11<a name=\"CSPrestaciones-11\"> </a></td><td>CONSEJERIA FAMILIAR</td></tr><tr><td style=\"white-space:nowrap\">12<a name=\"CSPrestaciones-12\"> </a></td><td>CONSEJERIA INDIVIDUAL</td></tr><tr><td style=\"white-space:nowrap\">13<a name=\"CSPrestaciones-13\"> </a></td><td>CONSEJERIA LACTANCIA MATERNA</td></tr><tr><td style=\"white-space:nowrap\">14<a name=\"CSPrestaciones-14\"> </a></td><td>CONSULTA ALTO RIESGO OBSTÉTRICO</td></tr><tr><td style=\"white-space:nowrap\">15<a name=\"CSPrestaciones-15\"> </a></td><td>CONSULTA CIRUGIA MENOR (PROCEDIMIENTO)</td></tr><tr><td style=\"white-space:nowrap\">16<a name=\"CSPrestaciones-16\"> </a></td><td>CONSULTA DE ENFERMERIA</td></tr><tr><td style=\"white-space:nowrap\">17<a name=\"CSPrestaciones-17\"> </a></td><td>CONSULTA DE ESPECIALIDAD (ODONTÓLOGO, OTORRINO, OFTALMOLOGO, OTROS)</td></tr><tr><td style=\"white-space:nowrap\">18<a name=\"CSPrestaciones-18\"> </a></td><td>CONSULTA DE MEDICINA INDÍGENA</td></tr><tr><td style=\"white-space:nowrap\">19<a name=\"CSPrestaciones-19\"> </a></td><td>CONSULTA DE MORBILIDAD</td></tr><tr><td style=\"white-space:nowrap\">20<a name=\"CSPrestaciones-20\"> </a></td><td>CONSULTA DE TERAPEUTA OCUPACIONAL</td></tr><tr><td style=\"white-space:nowrap\">21<a name=\"CSPrestaciones-21\"> </a></td><td>CONSULTA DE URGENCIA</td></tr><tr><td style=\"white-space:nowrap\">22<a name=\"CSPrestaciones-22\"> </a></td><td>CONSULTA FONOAUDIOLOGIA</td></tr><tr><td style=\"white-space:nowrap\">23<a name=\"CSPrestaciones-23\"> </a></td><td>CONSULTA FONOAUDIOLÓGICA DE REHABILITACIÓN AUDITIVA GRUPAL</td></tr><tr><td style=\"white-space:nowrap\">24<a name=\"CSPrestaciones-24\"> </a></td><td>CONSULTA FONOAUDIOLÓGICA DE REHABILITACIÓN AUDITIVA INDIVIDUAL</td></tr><tr><td style=\"white-space:nowrap\">25<a name=\"CSPrestaciones-25\"> </a></td><td>CONSULTA GINECOLÓGICA</td></tr><tr><td style=\"white-space:nowrap\">26<a name=\"CSPrestaciones-26\"> </a></td><td>CONSULTA INTEGRAL TMO</td></tr><tr><td style=\"white-space:nowrap\">27<a name=\"CSPrestaciones-27\"> </a></td><td>CONSULTA MATRON/A</td></tr><tr><td style=\"white-space:nowrap\">28<a name=\"CSPrestaciones-28\"> </a></td><td>CONSULTA NUTRICIONAL</td></tr><tr><td style=\"white-space:nowrap\">29<a name=\"CSPrestaciones-29\"> </a></td><td>CONSULTA ODONTOLOGICA MORBILIDAD</td></tr><tr><td style=\"white-space:nowrap\">30<a name=\"CSPrestaciones-30\"> </a></td><td>CONSULTA ODONTOLOGICA TRATAMIENTO</td></tr><tr><td style=\"white-space:nowrap\">31<a name=\"CSPrestaciones-31\"> </a></td><td>CONSULTA PACIENTE AGUDO ERA</td></tr><tr><td style=\"white-space:nowrap\">32<a name=\"CSPrestaciones-32\"> </a></td><td>CONSULTA PACIENTE AGUDO IRA</td></tr><tr><td style=\"white-space:nowrap\">33<a name=\"CSPrestaciones-33\"> </a></td><td>CONSULTA PREVIA O POSTERIOR A CIRUGÍA MENOR</td></tr><tr><td style=\"white-space:nowrap\">34<a name=\"CSPrestaciones-34\"> </a></td><td>CONSULTA PSICOLOGÍCA</td></tr><tr><td style=\"white-space:nowrap\">35<a name=\"CSPrestaciones-35\"> </a></td><td>CONSULTA REHABILITACION</td></tr><tr><td style=\"white-space:nowrap\">36<a name=\"CSPrestaciones-36\"> </a></td><td>CONSULTA SOCIAL</td></tr><tr><td style=\"white-space:nowrap\">37<a name=\"CSPrestaciones-37\"> </a></td><td>CONSULTA TMO OTORRINO</td></tr><tr><td style=\"white-space:nowrap\">38<a name=\"CSPrestaciones-38\"> </a></td><td>CONSULTA VICIO DE REFRACCIÓN</td></tr><tr><td style=\"white-space:nowrap\">39<a name=\"CSPrestaciones-39\"> </a></td><td>CONSULTORÍA DE SALUD MENTAL</td></tr><tr><td style=\"white-space:nowrap\">40<a name=\"CSPrestaciones-40\"> </a></td><td>CONTACTO DE PACIENTE POR VÍA TELEFÓNICA</td></tr><tr><td style=\"white-space:nowrap\">41<a name=\"CSPrestaciones-41\"> </a></td><td>CONTROL CERO</td></tr><tr><td style=\"white-space:nowrap\">42<a name=\"CSPrestaciones-42\"> </a></td><td>CONTROL CLIMATERIO</td></tr><tr><td style=\"white-space:nowrap\">43<a name=\"CSPrestaciones-43\"> </a></td><td>CONTROL CRONICO</td></tr><tr><td style=\"white-space:nowrap\">44<a name=\"CSPrestaciones-44\"> </a></td><td>CONTROL CRONICO ERA</td></tr><tr><td style=\"white-space:nowrap\">45<a name=\"CSPrestaciones-45\"> </a></td><td>CONTROL CRONICO IRA</td></tr><tr><td style=\"white-space:nowrap\">46<a name=\"CSPrestaciones-46\"> </a></td><td>CONTROL DE SALUD INTEGRAL DEL ADOLESCENTE</td></tr><tr><td style=\"white-space:nowrap\">47<a name=\"CSPrestaciones-47\"> </a></td><td>CONTROL DE SALUD MENTAL</td></tr><tr><td style=\"white-space:nowrap\">48<a name=\"CSPrestaciones-48\"> </a></td><td>CONTROL DE SEGUIMIENTO EMPAM</td></tr><tr><td style=\"white-space:nowrap\">49<a name=\"CSPrestaciones-49\"> </a></td><td>CONTROL DIADA</td></tr><tr><td style=\"white-space:nowrap\">50<a name=\"CSPrestaciones-50\"> </a></td><td>CONTROL GINECOLOGICO</td></tr><tr><td style=\"white-space:nowrap\">51<a name=\"CSPrestaciones-51\"> </a></td><td>CONTROL INTEGRAL MULTIMORBILIDAD</td></tr><tr><td style=\"white-space:nowrap\">52<a name=\"CSPrestaciones-52\"> </a></td><td>CONTROL NIÑO SANO</td></tr><tr><td style=\"white-space:nowrap\">53<a name=\"CSPrestaciones-53\"> </a></td><td>CONTROL PACIENTE AGUDO ERA</td></tr><tr><td style=\"white-space:nowrap\">54<a name=\"CSPrestaciones-54\"> </a></td><td>CONTROL PACIENTE AGUDO IRA</td></tr><tr><td style=\"white-space:nowrap\">55<a name=\"CSPrestaciones-55\"> </a></td><td>CONTROL PRECONCEPCIONAL</td></tr><tr><td style=\"white-space:nowrap\">56<a name=\"CSPrestaciones-56\"> </a></td><td>CONTROL PRENATAL</td></tr><tr><td style=\"white-space:nowrap\">57<a name=\"CSPrestaciones-57\"> </a></td><td>CONTROL PUERPERA</td></tr><tr><td style=\"white-space:nowrap\">58<a name=\"CSPrestaciones-58\"> </a></td><td>CONTROL REGULACIÓN FERTILIDAD</td></tr><tr><td style=\"white-space:nowrap\">59<a name=\"CSPrestaciones-59\"> </a></td><td>CURACIÓN AVANZADA</td></tr><tr><td style=\"white-space:nowrap\">60<a name=\"CSPrestaciones-60\"> </a></td><td>CURACIONES SIMPLES</td></tr><tr><td style=\"white-space:nowrap\">61<a name=\"CSPrestaciones-61\"> </a></td><td>EDUCACIÓN FARMACÉUTICA</td></tr><tr><td style=\"white-space:nowrap\">62<a name=\"CSPrestaciones-62\"> </a></td><td>EDUCACIÓN GRUPAL</td></tr><tr><td style=\"white-space:nowrap\">63<a name=\"CSPrestaciones-63\"> </a></td><td>EDUCACION INDIVIDUAL SALUD CARDIOVASCULAR</td></tr><tr><td style=\"white-space:nowrap\">64<a name=\"CSPrestaciones-64\"> </a></td><td>ELABORACIÓN DE INFORMES A TRIBUNALES</td></tr><tr><td style=\"white-space:nowrap\">65<a name=\"CSPrestaciones-65\"> </a></td><td>ENTREVISTA FAMILIAR (Aplicación Tarjetón Familiar)</td></tr><tr><td style=\"white-space:nowrap\">66<a name=\"CSPrestaciones-66\"> </a></td><td>ESPIROMETRIA</td></tr><tr><td style=\"white-space:nowrap\">67<a name=\"CSPrestaciones-67\"> </a></td><td>ESTUDIOS DE FAMILIA</td></tr><tr><td style=\"white-space:nowrap\">68<a name=\"CSPrestaciones-68\"> </a></td><td>EVALUACIÓN DEL PIE DIABÉTICO</td></tr><tr><td style=\"white-space:nowrap\">69<a name=\"CSPrestaciones-69\"> </a></td><td>EVALUACION DISCAPACIDAD (IVADEC)</td></tr><tr><td style=\"white-space:nowrap\">70<a name=\"CSPrestaciones-70\"> </a></td><td>EVALUACIÓN INICIAL DE REHABILITACIÓN</td></tr><tr><td style=\"white-space:nowrap\">71<a name=\"CSPrestaciones-71\"> </a></td><td>EVALUACION INTERMEDIA (REHABILITACIÓN)</td></tr><tr><td style=\"white-space:nowrap\">72<a name=\"CSPrestaciones-72\"> </a></td><td>EXAMEN MEDICINA PREVENTIVA ADULTO (EMPA)</td></tr><tr><td style=\"white-space:nowrap\">73<a name=\"CSPrestaciones-73\"> </a></td><td>FLUORACIÓN TOPICA</td></tr><tr><td style=\"white-space:nowrap\">74<a name=\"CSPrestaciones-74\"> </a></td><td>FLUORACIÓN TOPICA</td></tr><tr><td style=\"white-space:nowrap\">75<a name=\"CSPrestaciones-75\"> </a></td><td>INGRESO A SALA DE ESTIMULACIÓN</td></tr><tr><td style=\"white-space:nowrap\">76<a name=\"CSPrestaciones-76\"> </a></td><td>INGRESO CLIMATERIO</td></tr><tr><td style=\"white-space:nowrap\">77<a name=\"CSPrestaciones-77\"> </a></td><td>INGRESO CRONICO</td></tr><tr><td style=\"white-space:nowrap\">78<a name=\"CSPrestaciones-78\"> </a></td><td>INGRESO ERA</td></tr><tr><td style=\"white-space:nowrap\">79<a name=\"CSPrestaciones-79\"> </a></td><td>INGRESO FONOAUDIOLOGÍA</td></tr><tr><td style=\"white-space:nowrap\">80<a name=\"CSPrestaciones-80\"> </a></td><td>INGRESO IRA</td></tr><tr><td style=\"white-space:nowrap\">81<a name=\"CSPrestaciones-81\"> </a></td><td>INGRESO MULTIMORBILIDAD</td></tr><tr><td style=\"white-space:nowrap\">82<a name=\"CSPrestaciones-82\"> </a></td><td>INGRESO PMAMA</td></tr><tr><td style=\"white-space:nowrap\">83<a name=\"CSPrestaciones-83\"> </a></td><td>INGRESO PRENATAL</td></tr><tr><td style=\"white-space:nowrap\">84<a name=\"CSPrestaciones-84\"> </a></td><td>INGRESO PROGRAMA CERO</td></tr><tr><td style=\"white-space:nowrap\">85<a name=\"CSPrestaciones-85\"> </a></td><td>INGRESO PROGRAMA SALUD MENTAL</td></tr><tr><td style=\"white-space:nowrap\">86<a name=\"CSPrestaciones-86\"> </a></td><td>INGRESO REGULACIÓN FERTILIDAD</td></tr><tr><td style=\"white-space:nowrap\">87<a name=\"CSPrestaciones-87\"> </a></td><td>INTERVENCIÓN EN CRISIS</td></tr><tr><td style=\"white-space:nowrap\">88<a name=\"CSPrestaciones-88\"> </a></td><td>INTERVENCION PSICOSOCIAL DE GRUPOS</td></tr><tr><td style=\"white-space:nowrap\">89<a name=\"CSPrestaciones-89\"> </a></td><td>INTERVENCION PSICOSOCIAL GRUPAL</td></tr><tr><td style=\"white-space:nowrap\">90<a name=\"CSPrestaciones-90\"> </a></td><td>OTRAS CONSULTAS TMO</td></tr><tr><td style=\"white-space:nowrap\">91<a name=\"CSPrestaciones-91\"> </a></td><td>PAP</td></tr><tr><td style=\"white-space:nowrap\">92<a name=\"CSPrestaciones-92\"> </a></td><td>PESQUISA HTA</td></tr><tr><td style=\"white-space:nowrap\">93<a name=\"CSPrestaciones-93\"> </a></td><td>PROCEDIMIENTOS</td></tr><tr><td style=\"white-space:nowrap\">94<a name=\"CSPrestaciones-94\"> </a></td><td>PROGRAMA GES ODONTOLOGICO</td></tr><tr><td style=\"white-space:nowrap\">95<a name=\"CSPrestaciones-95\"> </a></td><td>PROGRAMA MEJORAMIENTO DEL ACCESO A LA ATENCIÓN ODONTOLÓGICA</td></tr><tr><td style=\"white-space:nowrap\">96<a name=\"CSPrestaciones-96\"> </a></td><td>PROGRAMA ODONTOLÓGICO INTEGRAL</td></tr><tr><td style=\"white-space:nowrap\">97<a name=\"CSPrestaciones-97\"> </a></td><td>PULIDO CORONARIO Y DESTARTRAJE SUPRAGINGIVAL</td></tr><tr><td style=\"white-space:nowrap\">98<a name=\"CSPrestaciones-98\"> </a></td><td>REALIZACIÓN EMPAM</td></tr><tr><td style=\"white-space:nowrap\">99<a name=\"CSPrestaciones-99\"> </a></td><td>SEGUIMIENTO DE CASOS</td></tr><tr><td style=\"white-space:nowrap\">100<a name=\"CSPrestaciones-100\"> </a></td><td>SEGUIMIENTO DE TEPSI</td></tr><tr><td style=\"white-space:nowrap\">101<a name=\"CSPrestaciones-101\"> </a></td><td>SEGUMIENTO A DISTANCIA MULTIMORBILIDAD</td></tr><tr><td style=\"white-space:nowrap\">102<a name=\"CSPrestaciones-102\"> </a></td><td>SESION DE REHABILITACION INTEGRAL</td></tr><tr><td style=\"white-space:nowrap\">103<a name=\"CSPrestaciones-103\"> </a></td><td>SESION DE REHABILITACION PULMONAR</td></tr><tr><td style=\"white-space:nowrap\">104<a name=\"CSPrestaciones-104\"> </a></td><td>TALLER EN EDUCACIÓN ESPECIAL EN ADULTO MAYOR</td></tr><tr><td style=\"white-space:nowrap\">105<a name=\"CSPrestaciones-105\"> </a></td><td>TALLER GRUPAL</td></tr><tr><td style=\"white-space:nowrap\">106<a name=\"CSPrestaciones-106\"> </a></td><td>TALLER GRUPAL PMAMA</td></tr><tr><td style=\"white-space:nowrap\">107<a name=\"CSPrestaciones-107\"> </a></td><td>TAMIZAJE PARA EVALUAR RIESGO DE CONSUMO DE ALCOHOL, TABACO Y OTRAS DROGAS</td></tr><tr><td style=\"white-space:nowrap\">108<a name=\"CSPrestaciones-108\"> </a></td><td>TELECLIMATERIO</td></tr><tr><td style=\"white-space:nowrap\">109<a name=\"CSPrestaciones-109\"> </a></td><td>TEST DE MARCHA</td></tr><tr><td style=\"white-space:nowrap\">110<a name=\"CSPrestaciones-110\"> </a></td><td>TEST DE PROVOCACIÓN CON EJERCICIO</td></tr><tr><td style=\"white-space:nowrap\">111<a name=\"CSPrestaciones-111\"> </a></td><td>TOMA DE ECOGRAFIA</td></tr><tr><td style=\"white-space:nowrap\">112<a name=\"CSPrestaciones-112\"> </a></td><td>TOMA DE ELECTROCARDIOGRAMA</td></tr><tr><td style=\"white-space:nowrap\">113<a name=\"CSPrestaciones-113\"> </a></td><td>TOMA DE ESPIROMETRIA</td></tr><tr><td style=\"white-space:nowrap\">114<a name=\"CSPrestaciones-114\"> </a></td><td>TOMA DE MAMOGRAFIA</td></tr><tr><td style=\"white-space:nowrap\">115<a name=\"CSPrestaciones-115\"> </a></td><td>TOMA DE MUESTRAS</td></tr><tr><td style=\"white-space:nowrap\">116<a name=\"CSPrestaciones-116\"> </a></td><td>TOMA DE RADIOGRAFIA</td></tr><tr><td style=\"white-space:nowrap\">117<a name=\"CSPrestaciones-117\"> </a></td><td>VISITA DOMICILIARIA INTEGRAL</td></tr><tr><td style=\"white-space:nowrap\">118<a name=\"CSPrestaciones-118\"> </a></td><td>VISITAS CON FINES DE TRATAMIENTOS Y/O PROCEDIMIENTOS EN DOMICILIO</td></tr></table></div>"},"url":"https://interoperabilidad.minsal.cl/fhir/ig/agenda/CodeSystem/CSPrestaciones","version":"0.4.0","name":"CSPrestaciones","title":"CS Prestaciones","status":"active","experimental":false,"date":"2025-10-13T23:29:58-03:00","publisher":"Unidad de Interoperabilidad - MINSAL","contact":[{"name":"Unidad de Interoperabilidad - MINSAL","telecom":[{"system":"url","value":"https://interoperabilidad.minsal.cl"}]}],"description":"Codigos de las prestaciones","jurisdiction":[{"coding":[{"system":"urn:iso:std:iso:3166","code":"CL","display":"Chile"}]}],"caseSensitive":true,"content":"complete","count":118,"concept":[{"code":"1","display":"OTRAS CONSULTAS (ABREVIADAS)","designation":[{"use":{"system":"http://terminology.hl7.org/CodeSystem/hl7TermMaintInfra","code":"preferredForLanguage"},"value":"OTRAS CONSULTAS (ABREVIADAS)"}]},{"code":"2","display":"APLICACIÓN DE SELLANTES","designation":[{"use":{"system":"http://terminology.hl7.org/CodeSystem/hl7TermMaintInfra","code":"preferredForLanguage"},"value":"APLICACIÓN DE SELLANTES"}]},{"code":"3","display":"APLICACIÓN DE TEPSI","designation":[{"use":{"system":"http://terminology.hl7.org/CodeSystem/hl7TermMaintInfra","code":"preferredForLanguage"},"value":"APLICACIÓN DE TEPSI"}]},{"code":"4","display":"APLICACIÓN EEDP","designation":[{"use":{"system":"http://terminology.hl7.org/CodeSystem/hl7TermMaintInfra","code":"preferredForLanguage"},"value":"APLICACIÓN EEDP"}]},{"code":"5","display":"ATENCIÓN DE PODOLOGIA","designation":[{"use":{"system":"http://terminology.hl7.org/CodeSystem/hl7TermMaintInfra","code":"preferredForLanguage"},"value":"ATENCIÓN DE PODOLOGIA"}]},{"code":"6","display":"ATENCIÓN EN SALA DE ESTIMULACIÓN","designation":[{"use":{"system":"http://terminology.hl7.org/CodeSystem/hl7TermMaintInfra","code":"preferredForLanguage"},"value":"ATENCIÓN EN SALA DE ESTIMULACIÓN"}]},{"code":"7","display":"ATENCIÓN FARMACEÚTICA","designation":[{"use":{"system":"http://terminology.hl7.org/CodeSystem/hl7TermMaintInfra","code":"preferredForLanguage"},"value":"ATENCIÓN FARMACEÚTICA"}]},{"code":"8","display":"ATENCIÓN POR SALUD DIGITAL","designation":[{"use":{"system":"http://terminology.hl7.org/CodeSystem/hl7TermMaintInfra","code":"preferredForLanguage"},"value":"ATENCIÓN POR SALUD DIGITAL"}]},{"code":"9","display":"ATENCIÓN PROFESIONAL POR VIDEOLLAMADA","designation":[{"use":{"system":"http://terminology.hl7.org/CodeSystem/hl7TermMaintInfra","code":"preferredForLanguage"},"value":"ATENCIÓN PROFESIONAL POR VIDEOLLAMADA"}]},{"code":"10","display":"CLINICA O CONSULTA DE LACTANCIA MATERNA","designation":[{"use":{"system":"http://terminology.hl7.org/CodeSystem/hl7TermMaintInfra","code":"preferredForLanguage"},"value":"CLINICA O CONSULTA DE LACTANCIA MATERNA"}]},{"code":"11","display":"CONSEJERIA FAMILIAR","designation":[{"use":{"system":"http://terminology.hl7.org/CodeSystem/hl7TermMaintInfra","code":"preferredForLanguage"},"value":"CONSEJERIA FAMILIAR"}]},{"code":"12","display":"CONSEJERIA INDIVIDUAL","designation":[{"use":{"system":"http://terminology.hl7.org/CodeSystem/hl7TermMaintInfra","code":"preferredForLanguage"},"value":"CONSEJERIA INDIVIDUAL"}]},{"code":"13","display":"CONSEJERIA LACTANCIA MATERNA","designation":[{"use":{"system":"http://terminology.hl7.org/CodeSystem/hl7TermMaintInfra","code":"preferredForLanguage"},"value":"CONSEJERIA LACTANCIA MATERNA"}]},{"code":"14","display":"CONSULTA ALTO RIESGO OBSTÉTRICO","designation":[{"use":{"system":"http://terminology.hl7.org/CodeSystem/hl7TermMaintInfra","code":"preferredForLanguage"},"value":"CONSULTA ALTO RIESGO OBSTÉTRICO"}]},{"code":"15","display":"CONSULTA CIRUGIA MENOR (PROCEDIMIENTO)","designation":[{"use":{"system":"http://terminology.hl7.org/CodeSystem/hl7TermMaintInfra","code":"preferredForLanguage"},"value":"CONSULTA CIRUGIA MENOR (PROCEDIMIENTO)"}]},{"code":"16","display":"CONSULTA DE ENFERMERIA","designation":[{"use":{"system":"http://terminology.hl7.org/CodeSystem/hl7TermMaintInfra","code":"preferredForLanguage"},"value":"CONSULTA DE ENFERMERIA"}]},{"code":"17","display":"CONSULTA DE ESPECIALIDAD (ODONTÓLOGO, OTORRINO, OFTALMOLOGO, OTROS)","designation":[{"use":{"system":"http://terminology.hl7.org/CodeSystem/hl7TermMaintInfra","code":"preferredForLanguage"},"value":"CONSULTA DE ESPECIALIDAD (ODONTÓLOGO, OTORRINO, OFTALMOLOGO, OTROS)"}]},{"code":"18","display":"CONSULTA DE MEDICINA INDÍGENA","designation":[{"use":{"system":"http://terminology.hl7.org/CodeSystem/hl7TermMaintInfra","code":"preferredForLanguage"},"value":"CONSULTA DE MEDICINA INDÍGENA"}]},{"code":"19","display":"CONSULTA DE MORBILIDAD","designation":[{"use":{"system":"http://terminology.hl7.org/CodeSystem/hl7TermMaintInfra","code":"preferredForLanguage"},"value":"CONSULTA DE MORBILIDAD"}]},{"code":"20","display":"CONSULTA DE TERAPEUTA OCUPACIONAL","designation":[{"use":{"system":"http://terminology.hl7.org/CodeSystem/hl7TermMaintInfra","code":"preferredForLanguage"},"value":"CONSULTA DE TERAPEUTA OCUPACIONAL"}]},{"code":"21","display":"CONSULTA DE URGENCIA","designation":[{"use":{"system":"http://terminology.hl7.org/CodeSystem/hl7TermMaintInfra","code":"preferredForLanguage"},"value":"CONSULTA DE URGENCIA"}]},{"code":"22","display":"CONSULTA FONOAUDIOLOGIA","designation":[{"use":{"system":"http://terminology.hl7.org/CodeSystem/hl7TermMaintInfra","code":"preferredForLanguage"},"value":"CONSULTA FONOAUDIOLOGIA"}]},{"code":"23","display":"CONSULTA FONOAUDIOLÓGICA DE REHABILITACIÓN AUDITIVA GRUPAL","designation":[{"use":{"system":"http://terminology.hl7.org/CodeSystem/hl7TermMaintInfra","code":"preferredForLanguage"},"value":"CONSULTA FONOAUDIOLÓGICA DE REHABILITACIÓN AUDITIVA GRUPAL"}]},{"code":"24","display":"CONSULTA FONOAUDIOLÓGICA DE REHABILITACIÓN AUDITIVA INDIVIDUAL","designation":[{"use":{"system":"http://terminology.hl7.org/CodeSystem/hl7TermMaintInfra","code":"preferredForLanguage"},"value":"CONSULTA FONOAUDIOLÓGICA DE REHABILITACIÓN AUDITIVA INDIVIDUAL"}]},{"code":"25","display":"CONSULTA GINECOLÓGICA","designation":[{"use":{"system":"http://terminology.hl7.org/CodeSystem/hl7TermMaintInfra","code":"preferredForLanguage"},"value":"CONSULTA GINECOLÓGICA"}]},{"code":"26","display":"CONSULTA INTEGRAL TMO","designation":[{"use":{"system":"http://terminology.hl7.org/CodeSystem/hl7TermMaintInfra","code":"preferredForLanguage"},"value":"CONSULTA INTEGRAL TMO"}]},{"code":"27","display":"CONSULTA MATRON/A","designation":[{"use":{"system":"http://terminology.hl7.org/CodeSystem/hl7TermMaintInfra","code":"preferredForLanguage"},"value":"CONSULTA MATRON/A"}]},{"code":"28","display":"CONSULTA NUTRICIONAL","designation":[{"use":{"system":"http://terminology.hl7.org/CodeSystem/hl7TermMaintInfra","code":"preferredForLanguage"},"value":"CONSULTA NUTRICIONAL"}]},{"code":"29","display":"CONSULTA ODONTOLOGICA MORBILIDAD","designation":[{"use":{"system":"http://terminology.hl7.org/CodeSystem/hl7TermMaintInfra","code":"preferredForLanguage"},"value":"CONSULTA ODONTOLOGICA MORBILIDAD"}]},{"code":"30","display":"CONSULTA ODONTOLOGICA TRATAMIENTO","designation":[{"use":{"system":"http://terminology.hl7.org/CodeSystem/hl7TermMaintInfra","code":"preferredForLanguage"},"value":"CONSULTA ODONTOLOGICA TRATAMIENTO"}]},{"code":"31","display":"CONSULTA PACIENTE AGUDO ERA","designation":[{"use":{"system":"http://terminology.hl7.org/CodeSystem/hl7TermMaintInfra","code":"preferredForLanguage"},"value":"CONSULTA PACIENTE AGUDO ERA"}]},{"code":"32","display":"CONSULTA PACIENTE AGUDO IRA","designation":[{"use":{"system":"http://terminology.hl7.org/CodeSystem/hl7TermMaintInfra","code":"preferredForLanguage"},"value":"CONSULTA PACIENTE AGUDO IRA"}]},{"code":"33","display":"CONSULTA PREVIA O POSTERIOR A CIRUGÍA MENOR","designation":[{"use":{"system":"http://terminology.hl7.org/CodeSystem/hl7TermMaintInfra","code":"preferredForLanguage"},"value":"CONSULTA PREVIA O POSTERIOR A CIRUGÍA MENOR"}]},{"code":"34","display":"CONSULTA PSICOLOGÍCA","designation":[{"use":{"system":"http://terminology.hl7.org/CodeSystem/hl7TermMaintInfra","code":"preferredForLanguage"},"value":"CONSULTA PSICOLOGÍCA"}]},{"code":"35","display":"CONSULTA REHABILITACION","designation":[{"use":{"system":"http://terminology.hl7.org/CodeSystem/hl7TermMaintInfra","code":"preferredForLanguage"},"value":"CONSULTA REHABILITACION"}]},{"code":"36","display":"CONSULTA SOCIAL","designation":[{"use":{"system":"http://terminology.hl7.org/CodeSystem/hl7TermMaintInfra","code":"preferredForLanguage"},"value":"CONSULTA SOCIAL"}]},{"code":"37","display":"CONSULTA TMO OTORRINO","designation":[{"use":{"system":"http://terminology.hl7.org/CodeSystem/hl7TermMaintInfra","code":"preferredForLanguage"},"value":"CONSULTA TMO OTORRINO"}]},{"code":"38","display":"CONSULTA VICIO DE REFRACCIÓN","designation":[{"use":{"system":"http://terminology.hl7.org/CodeSystem/hl7TermMaintInfra","code":"preferredForLanguage"},"value":"CONSULTA VICIO DE REFRACCIÓN"}]},{"code":"39","display":"CONSULTORÍA DE SALUD MENTAL","designation":[{"use":{"system":"http://terminology.hl7.org/CodeSystem/hl7TermMaintInfra","code":"preferredForLanguage"},"value":"CONSULTORÍA DE SALUD MENTAL"}]},{"code":"40","display":"CONTACTO DE PACIENTE POR VÍA TELEFÓNICA","designation":[{"use":{"system":"http://terminology.hl7.org/CodeSystem/hl7TermMaintInfra","code":"preferredForLanguage"},"value":"CONTACTO DE PACIENTE POR VÍA TELEFÓNICA"}]},{"code":"41","display":"CONTROL CERO","designation":[{"use":{"system":"http://terminology.hl7.org/CodeSystem/hl7TermMaintInfra","code":"preferredForLanguage"},"value":"CONTROL CERO"}]},{"code":"42","display":"CONTROL CLIMATERIO","designation":[{"use":{"system":"http://terminology.hl7.org/CodeSystem/hl7TermMaintInfra","code":"preferredForLanguage"},"value":"CONTROL CLIMATERIO"}]},{"code":"43","display":"CONTROL CRONICO","designation":[{"use":{"system":"http://terminology.hl7.org/CodeSystem/hl7TermMaintInfra","code":"preferredForLanguage"},"value":"CONTROL CRONICO"}]},{"code":"44","display":"CONTROL CRONICO ERA","designation":[{"use":{"system":"http://terminology.hl7.org/CodeSystem/hl7TermMaintInfra","code":"preferredForLanguage"},"value":"CONTROL CRONICO ERA"}]},{"code":"45","display":"CONTROL CRONICO IRA","designation":[{"use":{"system":"http://terminology.hl7.org/CodeSystem/hl7TermMaintInfra","code":"preferredForLanguage"},"value":"CONTROL CRONICO IRA"}]},{"code":"46","display":"CONTROL DE SALUD INTEGRAL DEL ADOLESCENTE","designation":[{"use":{"system":"http://terminology.hl7.org/CodeSystem/hl7TermMaintInfra","code":"preferredForLanguage"},"value":"CONTROL DE SALUD INTEGRAL DEL ADOLESCENTE"}]},{"code":"47","display":"CONTROL DE SALUD MENTAL","designation":[{"use":{"system":"http://terminology.hl7.org/CodeSystem/hl7TermMaintInfra","code":"preferredForLanguage"},"value":"CONTROL DE SALUD MENTAL"}]},{"code":"48","display":"CONTROL DE SEGUIMIENTO EMPAM","designation":[{"use":{"system":"http://terminology.hl7.org/CodeSystem/hl7TermMaintInfra","code":"preferredForLanguage"},"value":"CONTROL DE SEGUIMIENTO EMPAM"}]},{"code":"49","display":"CONTROL DIADA","designation":[{"use":{"system":"http://terminology.hl7.org/CodeSystem/hl7TermMaintInfra","code":"preferredForLanguage"},"value":"CONTROL DIADA"}]},{"code":"50","display":"CONTROL GINECOLOGICO","designation":[{"use":{"system":"http://terminology.hl7.org/CodeSystem/hl7TermMaintInfra","code":"preferredForLanguage"},"value":"CONTROL GINECOLOGICO"}]},{"code":"51","display":"CONTROL INTEGRAL MULTIMORBILIDAD","designation":[{"use":{"system":"http://terminology.hl7.org/CodeSystem/hl7TermMaintInfra","code":"preferredForLanguage"},"value":"CONTROL INTEGRAL MULTIMORBILIDAD"}]},{"code":"52","display":"CONTROL NIÑO SANO","designation":[{"use":{"system":"http://terminology.hl7.org/CodeSystem/hl7TermMaintInfra","code":"preferredForLanguage"},"value":"CONTROL NIÑO SANO"}]},{"code":"53","display":"CONTROL PACIENTE AGUDO ERA","designation":[{"use":{"system":"http://terminology.hl7.org/CodeSystem/hl7TermMaintInfra","code":"preferredForLanguage"},"value":"CONTROL PACIENTE AGUDO ERA"}]},{"code":"54","display":"CONTROL PACIENTE AGUDO IRA","designation":[{"use":{"system":"http://terminology.hl7.org/CodeSystem/hl7TermMaintInfra","code":"preferredForLanguage"},"value":"CONTROL PACIENTE AGUDO IRA"}]},{"code":"55","display":"CONTROL PRECONCEPCIONAL","designation":[{"use":{"system":"http://terminology.hl7.org/CodeSystem/hl7TermMaintInfra","code":"preferredForLanguage"},"value":"CONTROL PRECONCEPCIONAL"}]},{"code":"56","display":"CONTROL PRENATAL","designation":[{"use":{"system":"http://terminology.hl7.org/CodeSystem/hl7TermMaintInfra","code":"preferredForLanguage"},"value":"CONTROL PRENATAL"}]},{"code":"57","display":"CONTROL PUERPERA","designation":[{"use":{"system":"http://terminology.hl7.org/CodeSystem/hl7TermMaintInfra","code":"preferredForLanguage"},"value":"CONTROL PUERPERA"}]},{"code":"58","display":"CONTROL REGULACIÓN FERTILIDAD","designation":[{"use":{"system":"http://terminology.hl7.org/CodeSystem/hl7TermMaintInfra","code":"preferredForLanguage"},"value":"CONTROL REGULACIÓN FERTILIDAD"}]},{"code":"59","display":"CURACIÓN AVANZADA","designation":[{"use":{"system":"http://terminology.hl7.org/CodeSystem/hl7TermMaintInfra","code":"preferredForLanguage"},"value":"CURACIÓN AVANZADA"}]},{"code":"60","display":"CURACIONES SIMPLES","designation":[{"use":{"system":"http://terminology.hl7.org/CodeSystem/hl7TermMaintInfra","code":"preferredForLanguage"},"value":"CURACIONES SIMPLES"}]},{"code":"61","display":"EDUCACIÓN FARMACÉUTICA","designation":[{"use":{"system":"http://terminology.hl7.org/CodeSystem/hl7TermMaintInfra","code":"preferredForLanguage"},"value":"EDUCACIÓN FARMACÉUTICA"}]},{"code":"62","display":"EDUCACIÓN GRUPAL","designation":[{"use":{"system":"http://terminology.hl7.org/CodeSystem/hl7TermMaintInfra","code":"preferredForLanguage"},"value":"EDUCACIÓN GRUPAL"}]},{"code":"63","display":"EDUCACION INDIVIDUAL SALUD CARDIOVASCULAR","designation":[{"use":{"system":"http://terminology.hl7.org/CodeSystem/hl7TermMaintInfra","code":"preferredForLanguage"},"value":"EDUCACION INDIVIDUAL SALUD CARDIOVASCULAR"}]},{"code":"64","display":"ELABORACIÓN DE INFORMES A TRIBUNALES","designation":[{"use":{"system":"http://terminology.hl7.org/CodeSystem/hl7TermMaintInfra","code":"preferredForLanguage"},"value":"ELABORACIÓN DE INFORMES A TRIBUNALES"}]},{"code":"65","display":"ENTREVISTA FAMILIAR (Aplicación Tarjetón Familiar)","designation":[{"use":{"system":"http://terminology.hl7.org/CodeSystem/hl7TermMaintInfra","code":"preferredForLanguage"},"value":"ENTREVISTA FAMILIAR (Aplicación Tarjetón Familiar)"}]},{"code":"66","display":"ESPIROMETRIA","designation":[{"use":{"system":"http://terminology.hl7.org/CodeSystem/hl7TermMaintInfra","code":"preferredForLanguage"},"value":"ESPIROMETRIA"}]},{"code":"67","display":"ESTUDIOS DE FAMILIA","designation":[{"use":{"system":"http://terminology.hl7.org/CodeSystem/hl7TermMaintInfra","code":"preferredForLanguage"},"value":"ESTUDIOS DE FAMILIA"}]},{"code":"68","display":"EVALUACIÓN DEL PIE DIABÉTICO","designation":[{"use":{"system":"http://terminology.hl7.org/CodeSystem/hl7TermMaintInfra","code":"preferredForLanguage"},"value":"EVALUACIÓN DEL PIE DIABÉTICO"}]},{"code":"69","display":"EVALUACION DISCAPACIDAD (IVADEC)","designation":[{"use":{"system":"http://terminology.hl7.org/CodeSystem/hl7TermMaintInfra","code":"preferredForLanguage"},"value":"EVALUACION DISCAPACIDAD (IVADEC)"}]},{"code":"70","display":"EVALUACIÓN INICIAL DE REHABILITACIÓN","designation":[{"use":{"system":"http://terminology.hl7.org/CodeSystem/hl7TermMaintInfra","code":"preferredForLanguage"},"value":"EVALUACIÓN INICIAL DE REHABILITACIÓN"}]},{"code":"71","display":"EVALUACION INTERMEDIA (REHABILITACIÓN)","designation":[{"use":{"system":"http://terminology.hl7.org/CodeSystem/hl7TermMaintInfra","code":"preferredForLanguage"},"value":"EVALUACION INTERMEDIA (REHABILITACIÓN)"}]},{"code":"72","display":"EXAMEN MEDICINA PREVENTIVA ADULTO (EMPA)","designation":[{"use":{"system":"http://terminology.hl7.org/CodeSystem/hl7TermMaintInfra","code":"preferredForLanguage"},"value":"EXAMEN MEDICINA PREVENTIVA ADULTO (EMPA)"}]},{"code":"73","display":"FLUORACIÓN TOPICA","designation":[{"use":{"system":"http://terminology.hl7.org/CodeSystem/hl7TermMaintInfra","code":"preferredForLanguage"},"value":"FLUORACIÓN TOPICA"}]},{"code":"74","display":"FLUORACIÓN TOPICA","designation":[{"use":{"system":"http://terminology.hl7.org/CodeSystem/hl7TermMaintInfra","code":"preferredForLanguage"},"value":"FLUORACIÓN TOPICA"}]},{"code":"75","display":"INGRESO A SALA DE ESTIMULACIÓN","designation":[{"use":{"system":"http://terminology.hl7.org/CodeSystem/hl7TermMaintInfra","code":"preferredForLanguage"},"value":"INGRESO A SALA DE ESTIMULACIÓN"}]},{"code":"76","display":"INGRESO CLIMATERIO","designation":[{"use":{"system":"http://terminology.hl7.org/CodeSystem/hl7TermMaintInfra","code":"preferredForLanguage"},"value":"INGRESO CLIMATERIO"}]},{"code":"77","display":"INGRESO CRONICO","designation":[{"use":{"system":"http://terminology.hl7.org/CodeSystem/hl7TermMaintInfra","code":"preferredForLanguage"},"value":"INGRESO CRONICO"}]},{"code":"78","display":"INGRESO ERA","designation":[{"use":{"system":"http://terminology.hl7.org/CodeSystem/hl7TermMaintInfra","code":"preferredForLanguage"},"value":"INGRESO ERA"}]},{"code":"79","display":"INGRESO FONOAUDIOLOGÍA","designation":[{"use":{"system":"http://terminology.hl7.org/CodeSystem/hl7TermMaintInfra","code":"preferredForLanguage"},"value":"INGRESO FONOAUDIOLOGÍA"}]},{"code":"80","display":"INGRESO IRA","designation":[{"use":{"system":"http://terminology.hl7.org/CodeSystem/hl7TermMaintInfra","code":"preferredForLanguage"},"value":"INGRESO IRA"}]},{"code":"81","display":"INGRESO MULTIMORBILIDAD","designation":[{"use":{"system":"http://terminology.hl7.org/CodeSystem/hl7TermMaintInfra","code":"preferredForLanguage"},"value":"INGRESO MULTIMORBILIDAD"}]},{"code":"82","display":"INGRESO PMAMA","designation":[{"use":{"system":"http://terminology.hl7.org/CodeSystem/hl7TermMaintInfra","code":"preferredForLanguage"},"value":"INGRESO PMAMA"}]},{"code":"83","display":"INGRESO PRENATAL","designation":[{"use":{"system":"http://terminology.hl7.org/CodeSystem/hl7TermMaintInfra","code":"preferredForLanguage"},"value":"INGRESO PRENATAL"}]},{"code":"84","display":"INGRESO PROGRAMA CERO","designation":[{"use":{"system":"http://terminology.hl7.org/CodeSystem/hl7TermMaintInfra","code":"preferredForLanguage"},"value":"INGRESO PROGRAMA CERO"}]},{"code":"85","display":"INGRESO PROGRAMA SALUD MENTAL","designation":[{"use":{"system":"http://terminology.hl7.org/CodeSystem/hl7TermMaintInfra","code":"preferredForLanguage"},"value":"INGRESO PROGRAMA SALUD MENTAL"}]},{"code":"86","display":"INGRESO REGULACIÓN FERTILIDAD","designation":[{"use":{"system":"http://terminology.hl7.org/CodeSystem/hl7TermMaintInfra","code":"preferredForLanguage"},"value":"INGRESO REGULACIÓN FERTILIDAD"}]},{"code":"87","display":"INTERVENCIÓN EN CRISIS","designation":[{"use":{"system":"http://terminology.hl7.org/CodeSystem/hl7TermMaintInfra","code":"preferredForLanguage"},"value":"INTERVENCIÓN EN CRISIS"}]},{"code":"88","display":"INTERVENCION PSICOSOCIAL DE GRUPOS","designation":[{"use":{"system":"http://terminology.hl7.org/CodeSystem/hl7TermMaintInfra","code":"preferredForLanguage"},"value":"INTERVENCION PSICOSOCIAL DE GRUPOS"}]},{"code":"89","display":"INTERVENCION PSICOSOCIAL GRUPAL","designation":[{"use":{"system":"http://terminology.hl7.org/CodeSystem/hl7TermMaintInfra","code":"preferredForLanguage"},"value":"INTERVENCION PSICOSOCIAL GRUPAL"}]},{"code":"90","display":"OTRAS CONSULTAS TMO","designation":[{"use":{"system":"http://terminology.hl7.org/CodeSystem/hl7TermMaintInfra","code":"preferredForLanguage"},"value":"OTRAS CONSULTAS TMO"}]},{"code":"91","display":"PAP","designation":[{"use":{"system":"http://terminology.hl7.org/CodeSystem/hl7TermMaintInfra","code":"preferredForLanguage"},"value":"PAP"}]},{"code":"92","display":"PESQUISA HTA","designation":[{"use":{"system":"http://terminology.hl7.org/CodeSystem/hl7TermMaintInfra","code":"preferredForLanguage"},"value":"PESQUISA HTA"}]},{"code":"93","display":"PROCEDIMIENTOS","designation":[{"use":{"system":"http://terminology.hl7.org/CodeSystem/hl7TermMaintInfra","code":"preferredForLanguage"},"value":"PROCEDIMIENTOS"}]},{"code":"94","display":"PROGRAMA GES ODONTOLOGICO","designation":[{"use":{"system":"http://terminology.hl7.org/CodeSystem/hl7TermMaintInfra","code":"preferredForLanguage"},"value":"PROGRAMA GES ODONTOLOGICO"}]},{"code":"95","display":"PROGRAMA MEJORAMIENTO DEL ACCESO A LA ATENCIÓN ODONTOLÓGICA","designation":[{"use":{"system":"http://terminology.hl7.org/CodeSystem/hl7TermMaintInfra","code":"preferredForLanguage"},"value":"PROGRAMA MEJORAMIENTO DEL ACCESO A LA ATENCIÓN ODONTOLÓGICA"}]},{"code":"96","display":"PROGRAMA ODONTOLÓGICO INTEGRAL","designation":[{"use":{"system":"http://terminology.hl7.org/CodeSystem/hl7TermMaintInfra","code":"preferredForLanguage"},"value":"PROGRAMA ODONTOLÓGICO INTEGRAL"}]},{"code":"97","display":"PULIDO CORONARIO Y DESTARTRAJE SUPRAGINGIVAL","designation":[{"use":{"system":"http://terminology.hl7.org/CodeSystem/hl7TermMaintInfra","code":"preferredForLanguage"},"value":"PULIDO CORONARIO Y DESTARTRAJE SUPRAGINGIVAL"}]},{"code":"98","display":"REALIZACIÓN EMPAM","designation":[{"use":{"system":"http://terminology.hl7.org/CodeSystem/hl7TermMaintInfra","code":"preferredForLanguage"},"value":"REALIZACIÓN EMPAM"}]},{"code":"99","display":"SEGUIMIENTO DE CASOS","designation":[{"use":{"system":"http://terminology.hl7.org/CodeSystem/hl7TermMaintInfra","code":"preferredForLanguage"},"value":"SEGUIMIENTO DE CASOS"}]},{"code":"100","display":"SEGUIMIENTO DE TEPSI","designation":[{"use":{"system":"http://terminology.hl7.org/CodeSystem/hl7TermMaintInfra","code":"preferredForLanguage"},"value":"SEGUIMIENTO DE TEPSI"}]},{"code":"101","display":"SEGUMIENTO A DISTANCIA MULTIMORBILIDAD","designation":[{"use":{"system":"http://terminology.hl7.org/CodeSystem/hl7TermMaintInfra","code":"preferredForLanguage"},"value":"SEGUMIENTO A DISTANCIA MULTIMORBILIDAD"}]},{"code":"102","display":"SESION DE REHABILITACION INTEGRAL","designation":[{"use":{"system":"http://terminology.hl7.org/CodeSystem/hl7TermMaintInfra","code":"preferredForLanguage"},"value":"SESION DE REHABILITACION INTEGRAL"}]},{"code":"103","display":"SESION DE REHABILITACION PULMONAR","designation":[{"use":{"system":"http://terminology.hl7.org/CodeSystem/hl7TermMaintInfra","code":"preferredForLanguage"},"value":"SESION DE REHABILITACION PULMONAR"}]},{"code":"104","display":"TALLER EN EDUCACIÓN ESPECIAL EN ADULTO MAYOR","designation":[{"use":{"system":"http://terminology.hl7.org/CodeSystem/hl7TermMaintInfra","code":"preferredForLanguage"},"value":"TALLER EN EDUCACIÓN ESPECIAL EN ADULTO MAYOR"}]},{"code":"105","display":"TALLER GRUPAL","designation":[{"use":{"system":"http://terminology.hl7.org/CodeSystem/hl7TermMaintInfra","code":"preferredForLanguage"},"value":"TALLER GRUPAL"}]},{"code":"106","display":"TALLER GRUPAL PMAMA","designation":[{"use":{"system":"http://terminology.hl7.org/CodeSystem/hl7TermMaintInfra","code":"preferredForLanguage"},"value":"TALLER GRUPAL PMAMA"}]},{"code":"107","display":"TAMIZAJE PARA EVALUAR RIESGO DE CONSUMO DE ALCOHOL, TABACO Y OTRAS DROGAS","designation":[{"use":{"system":"http://terminology.hl7.org/CodeSystem/hl7TermMaintInfra","code":"preferredForLanguage"},"value":"TAMIZAJE PARA EVALUAR RIESGO DE CONSUMO DE ALCOHOL, TABACO Y OTRAS DROGAS"}]},{"code":"108","display":"TELECLIMATERIO","designation":[{"use":{"system":"http://terminology.hl7.org/CodeSystem/hl7TermMaintInfra","code":"preferredForLanguage"},"value":"TELECLIMATERIO"}]},{"code":"109","display":"TEST DE MARCHA","designation":[{"use":{"system":"http://terminology.hl7.org/CodeSystem/hl7TermMaintInfra","code":"preferredForLanguage"},"value":"TEST DE MARCHA"}]},{"code":"110","display":"TEST DE PROVOCACIÓN CON EJERCICIO","designation":[{"use":{"system":"http://terminology.hl7.org/CodeSystem/hl7TermMaintInfra","code":"preferredForLanguage"},"value":"TEST DE PROVOCACIÓN CON EJERCICIO"}]},{"code":"111","display":"TOMA DE ECOGRAFIA","designation":[{"use":{"system":"http://terminology.hl7.org/CodeSystem/hl7TermMaintInfra","code":"preferredForLanguage"},"value":"TOMA DE ECOGRAFIA"}]},{"code":"112","display":"TOMA DE ELECTROCARDIOGRAMA","designation":[{"use":{"system":"http://terminology.hl7.org/CodeSystem/hl7TermMaintInfra","code":"preferredForLanguage"},"value":"TOMA DE ELECTROCARDIOGRAMA"}]},{"code":"113","display":"TOMA DE ESPIROMETRIA","designation":[{"use":{"system":"http://terminology.hl7.org/CodeSystem/hl7TermMaintInfra","code":"preferredForLanguage"},"value":"TOMA DE ESPIROMETRIA"}]},{"code":"114","display":"TOMA DE MAMOGRAFIA","designation":[{"use":{"system":"http://terminology.hl7.org/CodeSystem/hl7TermMaintInfra","code":"preferredForLanguage"},"value":"TOMA DE MAMOGRAFIA"}]},{"code":"115","display":"TOMA DE MUESTRAS","designation":[{"use":{"system":"http://terminology.hl7.org/CodeSystem/hl7TermMaintInfra","code":"preferredForLanguage"},"value":"TOMA DE MUESTRAS"}]},{"code":"116","display":"TOMA DE RADIOGRAFIA","designation":[{"use":{"system":"http://terminology.hl7.org/CodeSystem/hl7TermMaintInfra","code":"preferredForLanguage"},"value":"TOMA DE RADIOGRAFIA"}]},{"code":"117","display":"VISITA DOMICILIARIA INTEGRAL","designation":[{"use":{"system":"http://terminology.hl7.org/CodeSystem/hl7TermMaintInfra","code":"preferredForLanguage"},"value":"VISITA DOMICILIARIA INTEGRAL"}]},{"code":"118","display":"VISITAS CON FINES DE TRATAMIENTOS Y/O PROCEDIMIENTOS EN DOMICILIO","designation":[{"use":{"system":"http://terminology.hl7.org/CodeSystem/hl7TermMaintInfra","code":"preferredForLanguage"},"value":"VISITAS CON FINES DE TRATAMIENTOS Y/O PROCEDIMIENTOS EN DOMICILIO"}]}]}