{"resourceType":"CodeSystem","id":"CSPrevision","text":{"status":"generated","div":"<div xmlns=\"http://www.w3.org/1999/xhtml\"><p class=\"res-header-id\"><b>Generated Narrative: SistemaDeCodigos CSPrevision</b></p><a name=\"CSPrevision\"> </a><a name=\"hcCSPrevision\"> </a><p>This case-sensitive code system <code>https://interoperabilidad.minsal.cl/fhir/ig/agenda/CodeSystem/CSPrevision</code> defines the following codes:</p><table class=\"codes\"><tr><td style=\"white-space:nowrap\"><b>Code</b></td><td><b>Display</b></td></tr><tr><td style=\"white-space:nowrap\">01<a name=\"CSPrevision-01\"> </a></td><td>FONASA</td></tr><tr><td style=\"white-space:nowrap\">02<a name=\"CSPrevision-02\"> </a></td><td>ISAPRE</td></tr><tr><td style=\"white-space:nowrap\">03<a name=\"CSPrevision-03\"> </a></td><td>CAPREDENA</td></tr><tr><td style=\"white-space:nowrap\">04<a name=\"CSPrevision-04\"> </a></td><td>DIPRECA</td></tr><tr><td style=\"white-space:nowrap\">05<a name=\"CSPrevision-05\"> </a></td><td>SISA</td></tr><tr><td style=\"white-space:nowrap\">96<a name=\"CSPrevision-96\"> </a></td><td>NINGUNA</td></tr><tr><td style=\"white-space:nowrap\">99<a name=\"CSPrevision-99\"> </a></td><td>DESCONOCIDO</td></tr></table></div>"},"url":"https://interoperabilidad.minsal.cl/fhir/ig/agenda/CodeSystem/CSPrevision","version":"0.4.0","name":"CSPrevision","title":"CS Prevision","status":"active","experimental":false,"date":"2025-10-13T23:29:58-03:00","publisher":"Unidad de Interoperabilidad - MINSAL","contact":[{"name":"Unidad de Interoperabilidad - MINSAL","telecom":[{"system":"url","value":"https://interoperabilidad.minsal.cl"}]}],"description":"Codigos de la previsión del paciente","jurisdiction":[{"coding":[{"system":"urn:iso:std:iso:3166","code":"CL","display":"Chile"}]}],"caseSensitive":true,"content":"complete","count":7,"concept":[{"code":"01","display":"FONASA","designation":[{"use":{"system":"http://terminology.hl7.org/CodeSystem/hl7TermMaintInfra","code":"preferredForLanguage"},"value":"FONASA"}]},{"code":"02","display":"ISAPRE","designation":[{"use":{"system":"http://terminology.hl7.org/CodeSystem/hl7TermMaintInfra","code":"preferredForLanguage"},"value":"ISAPRE"}]},{"code":"03","display":"CAPREDENA","designation":[{"use":{"system":"http://terminology.hl7.org/CodeSystem/hl7TermMaintInfra","code":"preferredForLanguage"},"value":"CAPREDENA"}]},{"code":"04","display":"DIPRECA","designation":[{"use":{"system":"http://terminology.hl7.org/CodeSystem/hl7TermMaintInfra","code":"preferredForLanguage"},"value":"DIPRECA"}]},{"code":"05","display":"SISA","designation":[{"use":{"system":"http://terminology.hl7.org/CodeSystem/hl7TermMaintInfra","code":"preferredForLanguage"},"value":"SISA"}]},{"code":"96","display":"NINGUNA","designation":[{"use":{"system":"http://terminology.hl7.org/CodeSystem/hl7TermMaintInfra","code":"preferredForLanguage"},"value":"NINGUNA"}]},{"code":"99","display":"DESCONOCIDO","designation":[{"use":{"system":"http://terminology.hl7.org/CodeSystem/hl7TermMaintInfra","code":"preferredForLanguage"},"value":"DESCONOCIDO"}]}]}