{"resourceType":"ValueSet","id":"VSPrestaciones","text":{"status":"generated","div":"<div xmlns=\"http://www.w3.org/1999/xhtml\"><p class=\"res-header-id\"><b>Generated Narrative: ConjuntoValores / ConjuntoDeValores VSPrestaciones</b></p><a name=\"VSPrestaciones\"> </a><a name=\"hcVSPrestaciones\"> </a><ul><li>Include all codes defined in <a href=\"CodeSystem-CSPrestaciones.html\"><code>https://interoperabilidad.minsal.cl/fhir/ig/agenda/CodeSystem/CSPrestaciones</code></a><span title=\"Version is not explicitly stated, which means it is fixed to the version provided in this specification\"> version &#x1F4E6;0.4.0</span></li></ul></div>"},"url":"https://interoperabilidad.minsal.cl/fhir/ig/agenda/ValueSet/VSPrestaciones","version":"0.4.0","name":"VSPrestaciones","title":"VS Prestaciones","status":"active","experimental":false,"date":"2025-10-13T23:29:58-03:00","publisher":"Unidad de Interoperabilidad - MINSAL","contact":[{"name":"Unidad de Interoperabilidad - MINSAL","telecom":[{"system":"url","value":"https://interoperabilidad.minsal.cl"}]}],"description":"Prestaciones","jurisdiction":[{"coding":[{"system":"urn:iso:std:iso:3166","code":"CL","display":"Chile"}]}],"compose":{"include":[{"system":"https://interoperabilidad.minsal.cl/fhir/ig/agenda/CodeSystem/CSPrestaciones"}]}}