<?xml version="1.0" encoding="UTF-8"?>

<Bundle xmlns="http://hl7.org/fhir">
  <id value="BundResp"/>
  <meta>
    <profile value="https://interoperabilidad.minsal.cl/fhir/ig/agenda/StructureDefinition/BundleRespuesta"/>
  </meta>
  <identifier>
    <value value="BundResp"/>
  </identifier>
  <type value="transaction"/>
  <timestamp value="2024-07-26T14:15:00-03:00"/>
  <entry>
    <fullUrl value="urn:uuid:8a7bac00-3b61-4846-b32f-ad1ec3c46a2c"/>
    <resource>
      <AppointmentResponse>
        <id value="EjemploRespuestaCita2"/>
        <meta>
          <profile value="https://interoperabilidad.minsal.cl/fhir/ig/agenda/StructureDefinition/CitaRespuesta"/>
        </meta>
        <text>
          <status value="generated"/><div xmlns="http://www.w3.org/1999/xhtml"><a name="AppointmentResponse_EjemploRespuestaCita2"> </a><p class="res-header-id"><b>Generated Narrative: CitaRespuesta EjemploRespuestaCita2</b></p><a name="EjemploRespuestaCita2"> </a><a name="hcEjemploRespuestaCita2"> </a><div style="display: inline-block; background-color: #d9e0e7; padding: 6px; margin: 4px; border: 1px solid #8da1b4; border-radius: 5px; line-height: 60%"><p style="margin-bottom: 0px"/><p style="margin-bottom: 0px">Profile: <a href="StructureDefinition-CitaRespuesta.html">Perfil de la Respuesta a la cita.</a></p></div><p><b>appointment</b>: <a href="Appointment-EjemploCita2.html">Appointment: extension = Comentario de la cita; status = booked; specialty = Adult mental illness - specialty (qualifier value); start = 2024-07-25 15:30:00-0300; end = 2024-07-25 13:10:00-0300</a></p><p><b>actor</b>: <a href="Patient-EjemploPaciente2.html">Maria Camila Ospina  (no stated gender), DoB: 1999-04-12 ( 25.634.739-0)</a></p><p><b>participantStatus</b>: Accepted</p></div>
        </text>
        <appointment>
          <reference value="Appointment/EjemploCita2"/>
        </appointment>
        <actor>
          <reference value="Patient/EjemploPaciente2"/>
        </actor>
        <participantStatus value="accepted"/>
      </AppointmentResponse>
    </resource>
    <request>
      <method value="POST"/>
      <url value="AppointmentResponse/"/>
    </request>
  </entry>
  <entry>
    <fullUrl value="https://server1/fhir/Appointment/EjemploCita2"/>
    <resource>
      <Appointment>
        <id value="EjemploCita2"/>
        <meta>
          <profile value="https://interoperabilidad.minsal.cl/fhir/ig/agenda/StructureDefinition/Cita"/>
        </meta>
        <text>
          <status value="extensions"/><div xmlns="http://www.w3.org/1999/xhtml"><a name="Appointment_EjemploCita2"> </a><p class="res-header-id"><b>Generated Narrative: Cita EjemploCita2</b></p><a name="EjemploCita2"> </a><a name="hcEjemploCita2"> </a><div style="display: inline-block; background-color: #d9e0e7; padding: 6px; margin: 4px; border: 1px solid #8da1b4; border-radius: 5px; line-height: 60%"><p style="margin-bottom: 0px"/><p style="margin-bottom: 0px">Profile: <a href="StructureDefinition-Cita.html">Perfil Cita</a></p></div><p><b>Apellido Servicio</b>: Comentario de la cita</p><p><b>status</b>: Booked</p><p><b>specialty</b>: <span title="Codes:{http://snomed.info/sct 408467006}">Adult mental illness - specialty (qualifier value)</span></p><p><b>start</b>: 2024-07-25 15:30:00-0300</p><p><b>end</b>: 2024-07-25 13:10:00-0300</p><p><b>basedOn</b>: <a href="ServiceRequest-EjemploSolicitudServicio2.html">ServiceRequest: status = active; intent = order; priority = routine; authoredOn = 2024-07-20 12:00:00-0300</a></p><blockquote><p><b>participant</b></p><p><b>actor</b>: <a href="Patient-EjemploPaciente2.html">Maria Camila Ospina  (no stated gender), DoB: 1999-04-12 ( 25.634.739-0)</a></p><p><b>required</b>: Required</p><p><b>status</b>: Accepted</p></blockquote><blockquote><p><b>participant</b></p><p><b>actor</b>: <a href="Practitioner-EjemploPrestador1.html">Practitioner Cuevas Antonia </a></p><p><b>required</b>: Optional</p><p><b>status</b>: Accepted</p></blockquote></div>
        </text>
        <extension url="https://interoperabilidad.minsal.cl/fhir/ig/agenda/StructureDefinition/ApellidoServicio">
          <valueString value="Comentario de la cita"/>
        </extension>
        <status value="booked"/>
        <specialty>
          <coding>
            <system value="http://snomed.info/sct"/>
            <code value="408467006"/>
          </coding>
        </specialty>
        <start value="2024-07-25T15:30:00-03:00"/>
        <end value="2024-07-25T13:10:00-03:00"/>
        <basedOn>
          <reference value="ServiceRequest/EjemploSolicitudServicio2"/>
        </basedOn>
        <participant>
          <actor>
            <reference value="Patient/EjemploPaciente2"/>
          </actor>
          <required value="required"/>
          <status value="accepted"/>
        </participant>
        <participant>
          <actor>
            <reference value="Practitioner/EjemploPrestador1"/>
          </actor>
          <required value="optional"/>
          <status value="accepted"/>
        </participant>
      </Appointment>
    </resource>
    <request>
      <method value="PUT"/>
      <url value="Appointment/1"/>
    </request>
  </entry>
</Bundle>