<?xml version="1.0" encoding="UTF-8"?>

<ServiceRequest xmlns="http://hl7.org/fhir">
  <id value="EjemploSolicitudServicio1"/>
  <meta>
    <profile value="https://interoperabilidad.minsal.cl/fhir/ig/agenda/StructureDefinition/SolicitudServicio"/>
  </meta>
  <text>
    <status value="generated"/><div xmlns="http://www.w3.org/1999/xhtml"><p class="res-header-id"><b>Generated Narrative: PeticiónServicio EjemploSolicitudServicio1</b></p><a name="EjemploSolicitudServicio1"> </a><a name="hcEjemploSolicitudServicio1"> </a><div style="display: inline-block; background-color: #d9e0e7; padding: 6px; margin: 4px; border: 1px solid #8da1b4; border-radius: 5px; line-height: 60%"><p style="margin-bottom: 0px"/><p style="margin-bottom: 0px">Profile: <a href="StructureDefinition-SolicitudServicio.html">Perfil de la Solicitud del Servicio</a></p></div><p><b>status</b>: Active</p><p><b>intent</b>: Order</p><p><b>priority</b>: Routine</p><p><b>subject</b>: <a href="Patient-EjemploPaciente1.html">Valentina Daniela Contreras  (no stated gender), DoB: 2001-02-10 ( 20.706.399-1)</a></p><p><b>authoredOn</b>: 2024-07-20 12:00:00-0300</p><p><b>reasonReference</b>: Dolor estomacal agudo</p></div>
  </text>
  <status value="active"/>
  <intent value="order"/>
  <priority value="routine"/>
  <subject>
    <reference value="Patient/EjemploPaciente1"/>
  </subject>
  <authoredOn value="2024-07-20T12:00:00-03:00"/>
  <reasonReference>
    <display value="Dolor estomacal agudo"/>
  </reasonReference>
</ServiceRequest>