<?xml version="1.0" encoding="UTF-8"?>

<AppointmentResponse xmlns="http://hl7.org/fhir">
  <id value="EjemploRespuestaCita2"/>
  <meta>
    <profile value="https://interoperabilidad.minsal.cl/fhir/ig/agenda/StructureDefinition/CitaRespuesta"/>
  </meta>
  <text>
    <status value="generated"/><div xmlns="http://www.w3.org/1999/xhtml"><p class="res-header-id"><b>Generated Narrative: AppointmentResponse EjemploRespuestaCita2</b></p><a name="EjemploRespuestaCita2"> </a><a name="hcEjemploRespuestaCita2"> </a><a name="EjemploRespuestaCita2-es-CL"> </a><p><b>appointment</b>: <a href="Appointment-EjemploCita2.html">Appointment: extension = Comentario de la cita; status = booked; specialty = Adult mental illness - specialty (qualifier value); start = 2024-07-25 15:30:00-0300; end = 2024-07-25 13:10:00-0300</a></p><p><b>actor</b>: <a href="Patient-EjemploPaciente2.html">Maria Camila Ospina  (no stated gender), DoB: 1999-04-12 ( 25.634.739-0)</a></p><p><b>participantStatus</b>: Accepted</p></div>
  </text>
  <appointment>
    <reference value="Appointment/EjemploCita2"/>
  </appointment>
  <actor>
    <reference value="Patient/EjemploPaciente2"/>
  </actor>
  <participantStatus value="accepted"/>
</AppointmentResponse>