{
  "codeSystems" : [
    {
      "url" : "http://hl7.org/fhir/administrative-gender",
      "version" : "4.0.1",
      "status" : "active",
      "name" : "AdministrativeGender",
      "title" : "AdministrativeGender",
      "description" : "The gender of a person used for administrative purposes.",
      "oids" : ["2.16.840.1.113883.4.642.4.2"],
      "uses" : {
      },
      "http://hl7.org/fhir/R4/valueset-administrative-gender.html" : "AdministrativeGender"
    },
    {
      "url" : "http://hl7.org/fhir/appointmentstatus",
      "version" : "4.0.1",
      "status" : "draft",
      "name" : "AppointmentStatus",
      "title" : "AppointmentStatus",
      "description" : "The free/busy status of an appointment.",
      "oids" : ["2.16.840.1.113883.4.642.4.485"],
      "uses" : {
      },
      "http://hl7.org/fhir/R4/valueset-appointmentstatus.html" : "AppointmentStatus"
    },
    {
      "url" : "http://hl7.org/fhir/contact-point-system",
      "version" : "4.0.1",
      "status" : "active",
      "name" : "ContactPointSystem",
      "title" : "ContactPointSystem",
      "description" : "Telecommunications form for contact point.",
      "oids" : ["2.16.840.1.113883.4.642.4.72"],
      "uses" : {
      },
      "http://hl7.org/fhir/R4/valueset-contact-point-system.html" : "ContactPointSystem"
    },
    {
      "url" : "http://hl7.org/fhir/contact-point-use",
      "version" : "4.0.1",
      "status" : "active",
      "name" : "ContactPointUse",
      "title" : "ContactPointUse",
      "description" : "Use of contact point.",
      "oids" : ["2.16.840.1.113883.4.642.4.74"],
      "uses" : {
      },
      "http://hl7.org/fhir/R4/valueset-contact-point-use.html" : "ContactPointUse"
    },
    {
      "url" : "http://hl7.org/fhir/days-of-week",
      "version" : "4.0.1",
      "status" : "active",
      "name" : "DaysOfWeek",
      "title" : "DaysOfWeek",
      "description" : "The days of the week.",
      "oids" : ["2.16.840.1.113883.4.642.4.513"],
      "uses" : {
      },
      "http://hl7.org/fhir/R4/valueset-days-of-week.html" : "DaysOfWeek"
    },
    {
      "url" : "http://hl7.org/fhir/identifier-use",
      "version" : "4.0.1",
      "status" : "active",
      "name" : "IdentifierUse",
      "title" : "IdentifierUse",
      "description" : "Identifies the purpose for this identifier, if known .",
      "oids" : ["2.16.840.1.113883.4.642.4.58"],
      "uses" : {
      },
      "http://hl7.org/fhir/R4/valueset-identifier-use.html" : "IdentifierUse"
    },
    {
      "url" : "http://hl7.org/fhir/link-type",
      "version" : "4.0.1",
      "status" : "active",
      "name" : "LinkType",
      "title" : "LinkType",
      "description" : "The type of link between this patient resource and another patient resource.",
      "oids" : ["2.16.840.1.113883.4.642.4.424"],
      "uses" : {
      },
      "http://hl7.org/fhir/R4/valueset-link-type.html" : "LinkType"
    },
    {
      "url" : "http://hl7.org/fhir/name-use",
      "version" : "4.0.1",
      "status" : "active",
      "name" : "NameUse",
      "title" : "NameUse",
      "description" : "The use of a human name.",
      "oids" : ["2.16.840.1.113883.4.642.4.66"],
      "uses" : {
      },
      "http://hl7.org/fhir/R4/valueset-name-use.html" : "NameUse"
    },
    {
      "url" : "http://hl7.org/fhir/participantrequired",
      "version" : "4.0.1",
      "status" : "draft",
      "name" : "ParticipantRequired",
      "title" : "ParticipantRequired",
      "description" : "Is the Participant required to attend the appointment.",
      "oids" : ["2.16.840.1.113883.4.642.4.489"],
      "uses" : {
      },
      "http://hl7.org/fhir/R4/valueset-participantrequired.html" : "ParticipantRequired"
    },
    {
      "url" : "http://hl7.org/fhir/participationstatus",
      "version" : "4.0.1",
      "status" : "draft",
      "name" : "ParticipationStatus",
      "title" : "ParticipationStatus",
      "description" : "The Participation status of an appointment.",
      "oids" : ["2.16.840.1.113883.4.642.4.487"],
      "uses" : {
      },
      "http://hl7.org/fhir/R4/valueset-participationstatus.html" : "ParticipationStatus"
    },
    {
      "url" : "http://hl7.org/fhir/request-intent",
      "version" : "4.0.1",
      "status" : "draft",
      "name" : "RequestIntent",
      "title" : "RequestIntent",
      "description" : "Codes indicating the degree of authority/intentionality associated with a request.",
      "oids" : ["2.16.840.1.113883.4.642.4.114"],
      "uses" : {
      },
      "http://hl7.org/fhir/R4/valueset-request-intent.html" : "RequestIntent"
    },
    {
      "url" : "http://hl7.org/fhir/request-priority",
      "version" : "4.0.1",
      "status" : "draft",
      "name" : "RequestPriority",
      "title" : "RequestPriority",
      "description" : "Identifies the level of importance to be assigned to actioning the request.",
      "oids" : ["2.16.840.1.113883.4.642.4.116"],
      "uses" : {
      },
      "http://hl7.org/fhir/R4/valueset-request-priority.html" : "Request priority"
    },
    {
      "url" : "http://hl7.org/fhir/request-status",
      "version" : "4.0.1",
      "status" : "draft",
      "name" : "RequestStatus",
      "title" : "RequestStatus",
      "description" : "Codes identifying the lifecycle stage of a request.",
      "oids" : ["2.16.840.1.113883.4.642.4.112"],
      "uses" : {
      },
      "http://hl7.org/fhir/R4/valueset-request-status.html" : "RequestStatus"
    },
    {
      "url" : "http://hl7.org/fhir/resource-types",
      "version" : "4.0.1",
      "status" : "active",
      "name" : "ResourceType",
      "title" : "ResourceType",
      "description" : "One of the resource types defined as part of this version of FHIR.",
      "uses" : {
      },
      "http://hl7.org/fhir/R4/valueset-resource-types.html" : "ResourceType"
    },
    {
      "url" : "http://snomed.info/sct",
      "version" : null,
      "status" : "active",
      "name" : "SNOMED_CT",
      "title" : "SNOMED CT (all versions)",
      "description" : "SNOMED CT is the most comprehensive and precise clinical health terminology product in the world, owned and distributed around the world by The International Health Terminology Standards Development Organisation (IHTSDO).",
      "oids" : ["2.16.840.1.113883.6.96"],
      "uses" : {
      },
      "http://hl7.org/fhir/R4/valueset-participant-role.html" : "Participant Roles",
      "http://hl7.org/fhir/R4/valueset-body-site.html" : "SNOMED CT Body Structures",
      "http://hl7.org/fhir/R4/valueset-c80-practice-codes.html" : "Practice Setting Code Value Set",
      "http://hl7.org/fhir/R4/valueset-procedure-code.html" : "Procedure Codes (SNOMED CT)",
      "http://hl7.org/fhir/R4/valueset-medication-as-needed-reason.html" : "SNOMED CT Medication As Needed Reason Codes",
      "http://hl7.org/fhir/R4/valueset-encounter-reason.html" : "Encounter Reason Codes",
      "http://hl7.org/fhir/R4/valueset-practitioner-role.html" : "Practitioner role",
      "http://hl7.org/fhir/R4/valueset-servicerequest-orderdetail.html" : "Service Request Order Details Codes"
    },
    {
      "url" : "http://terminology.hl7.org/CodeSystem/appointment-cancellation-reason",
      "version" : "2.1.1",
      "status" : "active",
      "name" : "AppointmentCancellationReason",
      "title" : "Appointment cancellation reason",
      "description" : "This example value set defines a set of reasons for the cancellation of an appointment.",
      "oids" : ["2.16.840.1.113883.4.642.1.1382"],
      "uses" : {
      },
      "http://hl7.org/fhir/R4/valueset-appointment-cancellation-reason.html" : "Appointment cancellation reason"
    },
    {
      "url" : "http://terminology.hl7.org/CodeSystem/contactentity-type",
      "version" : "1.0.0",
      "status" : "draft",
      "name" : "ContactEntityType",
      "title" : "Contact entity type",
      "description" : "This example value set defines a set of codes that can be used to indicate the purpose for which you would contact a contact party.",
      "oids" : ["2.16.840.1.113883.4.642.1.1129"],
      "uses" : {
      },
      "http://hl7.org/fhir/R4/valueset-contactentity-type.html" : "Contact entity type"
    },
    {
      "url" : "http://terminology.hl7.org/CodeSystem/organization-type",
      "version" : "2.0.1",
      "status" : "active",
      "name" : "OrganizationType",
      "title" : "Organization type",
      "description" : "This example value set defines a set of codes that can be used to indicate a type of organization.",
      "oids" : ["2.16.840.1.113883.4.642.1.1128"],
      "uses" : {
      },
      "http://hl7.org/fhir/R4/valueset-organization-type.html" : "Organization type"
    },
    {
      "url" : "http://terminology.hl7.org/CodeSystem/participant-type",
      "version" : "1.0.1",
      "status" : "active",
      "name" : "ParticipantType",
      "title" : "Participant type",
      "description" : "This value set defines a set of codes that can be used to indicate how an individual participates in an encounter.",
      "oids" : ["2.16.840.1.113883.4.642.1.1089"],
      "uses" : {
      },
      "http://hl7.org/fhir/R4/valueset-encounter-participant-type.html" : "Participant type"
    },
    {
      "url" : "http://terminology.hl7.org/CodeSystem/practitioner-role",
      "version" : "1.0.1",
      "status" : "active",
      "name" : "PractitionerRole",
      "title" : "Practitioner role",
      "description" : "This example value set defines a set of codes that can be used to indicate the role of a Practitioner.",
      "oids" : ["2.16.840.1.113883.4.642.1.1132"],
      "uses" : {
      },
      "http://hl7.org/fhir/R4/valueset-practitioner-role.html" : "Practitioner role"
    },
    {
      "url" : "http://terminology.hl7.org/CodeSystem/service-category",
      "version" : "1.1.1",
      "status" : "active",
      "name" : "ServiceCategory",
      "title" : "Service category",
      "description" : "This value set defines an example set of codes that can be used to classify groupings of service-types/specialties.",
      "oids" : ["2.16.840.1.113883.4.642.1.1144"],
      "uses" : {
      },
      "http://hl7.org/fhir/R4/valueset-service-category.html" : "Service category"
    },
    {
      "url" : "http://terminology.hl7.org/CodeSystem/service-type",
      "version" : "1.1.1",
      "status" : "active",
      "name" : "ServiceType",
      "title" : "Service type",
      "description" : "This value set defines an example set of codes of service-types.",
      "oids" : ["2.16.840.1.113883.4.642.1.1145"],
      "uses" : {
      },
      "http://hl7.org/fhir/R4/valueset-service-type.html" : "Service type"
    },
    {
      "url" : "http://terminology.hl7.org/CodeSystem/v2-0131",
      "version" : "2.1.0",
      "status" : "active",
      "name" : "ContactRole2",
      "title" : "contactRole2",
      "description" : "Code system of concepts which specify a relationship role that the next of kin/associated parties plays with regard to the patient. Also used in referrals, for example, it may be necessary to identify the contact representative at the clinic that sent a referral. Used in HL7 Version 2 messaging in the NK1 and CTD segments after 2.5, when it replace 2.16.840.1.113883.18.57.",
      "oids" : ["2.16.840.1.113883.18.58"],
      "uses" : {
      },
      "http://hl7.org/fhir/R4/valueset-patient-contactrelationship.html" : "Patient Contact Relationship "
    },
    {
      "url" : "http://terminology.hl7.org/CodeSystem/v2-0203",
      "version" : "4.0.0",
      "status" : "active",
      "name" : "IdentifierType",
      "title" : "identifierType",
      "description" : "HL7-defined code system of concepts specifying type of identifier. Used in HL7 Version 2.x messaging data types CX, PLN, PPN, XCN and XON.",
      "oids" : ["2.16.840.1.113883.18.108"],
      "uses" : {
      },
      "https://hl7chile.cl/fhir/ig/clcore/1.8.10/ValueSet-VSTiposDocumentos.html" : "Tipos de Documentos",
      "http://hl7.org/fhir/R4/valueset-identifier-type.html" : "IdentifierType"
    },
    {
      "url" : "http://terminology.hl7.org/CodeSystem/v2-0276",
      "version" : "2.1.0",
      "status" : "active",
      "name" : "AppointmentReason",
      "title" : "appointmentReason",
      "description" : "Code system of concepts used to describe the kind of appointment or the reason why an appointment has been scheduled.  Used in HL7 Version 2.x messaging in the ARQ segment.",
      "oids" : ["2.16.840.1.113883.18.169"],
      "uses" : {
      },
      "http://terminology.hl7.org/5.3.0/ValueSet-v2-0276.html" : "hl7VS-appointmentReasonCodes"
    },
    {
      "url" : "http://terminology.hl7.org/CodeSystem/v3-MaritalStatus",
      "version" : "3.0.0",
      "status" : "active",
      "name" : "MaritalStatus",
      "title" : "MaritalStatus",
      "description" : "\\* \\* \\* No description supplied \\* \\* \\*\r\n\r\n*Open Issue:* The specific meanings of these codes can vary somewhat by jurisdiction and implementation so caution should be used when determining equivalency.\r\n\r\n*Open Issue:* fixing and completion of the hierarchy and proper good definitions of all the concepts is badly needed.",
      "oids" : ["2.16.840.1.113883.5.2"],
      "uses" : {
      },
      "http://hl7.org/fhir/R4/valueset-marital-status.html" : "MaritalStatus"
    },
    {
      "url" : "http://terminology.hl7.org/CodeSystem/v3-NullFlavor",
      "version" : "3.0.0",
      "status" : "active",
      "name" : "NullFlavor",
      "title" : "NullFlavor",
      "description" : "A collection of codes specifying why a valid value is not present.",
      "oids" : ["2.16.840.1.113883.5.1008"],
      "uses" : {
      },
      "http://hl7.org/fhir/R4/valueset-marital-status.html" : "MaritalStatus"
    },
    {
      "url" : "http://terminology.hl7.org/CodeSystem/v3-ParticipationType",
      "version" : "5.0.0",
      "status" : "active",
      "name" : "ParticipationType",
      "title" : "ParticipationType",
      "description" : "A code specifying the meaning and purpose of every Participation instance. Each of its values implies specific constraints on the Roles undertaking the participation.",
      "oids" : ["2.16.840.1.113883.5.90"],
      "uses" : {
      },
      "http://hl7.org/fhir/R4/valueset-encounter-participant-type.html" : "Participant type"
    },
    {
      "url" : "http://terminology.hl7.org/CodeSystem/v3-RoleCode",
      "version" : "3.0.0",
      "status" : "active",
      "name" : "RoleCode",
      "title" : "RoleCode",
      "description" : "A set of codes further specifying the kind of Role; specific classification codes for further qualifying RoleClass codes.",
      "oids" : ["2.16.840.1.113883.5.111"],
      "uses" : {
      },
      "http://terminology.hl7.org/6.0.2/ValueSet-v3-ServiceDeliveryLocationRoleType.html" : "ServiceDeliveryLocationRoleType"
    },
    {
      "url" : "https://hl7chile.cl/fhir/ig/clcore/CodeSystem/CSCodigoDNI",
      "version" : "1.8.10",
      "status" : "active",
      "name" : "CSCodigoDNI",
      "title" : "Códigos de Documentos DNI para LATAM y el Caribe",
      "description" : "Códigos para los DNI de países de America Latina y el Caribe según indicaciones de VS HL7 de V3",
      "uses" : {
      },
      "https://hl7chile.cl/fhir/ig/clcore/1.8.10/ValueSet-VSTiposDocumentos.html" : "Tipos de Documentos"
    },
    {
      "url" : "https://hl7chile.cl/fhir/ig/clcore/CodeSystem/CSCodigoslenguaje",
      "version" : "1.8.10",
      "status" : "active",
      "name" : "CSCodigoslenguaje",
      "title" : "Codigos Lenguaje",
      "description" : "Codigoslenguaje",
      "uses" : {
      },
      "https://hl7chile.cl/fhir/ig/clcore/1.8.10/ValueSet-VSCodigoslenguaje.html" : "Codigos Lenguaje"
    },
    {
      "url" : "https://hl7chile.cl/fhir/ig/clcore/CodeSystem/CSIdentificadores",
      "version" : "1.8.10",
      "status" : "active",
      "name" : "CSIdentificadores",
      "title" : "Identificadores",
      "description" : "Identificadores",
      "uses" : {
      },
      "https://hl7chile.cl/fhir/ig/clcore/1.8.10/ValueSet-VSIdentificadores.html" : "Identificadores"
    },
    {
      "url" : "https://hl7chile.cl/fhir/ig/clcore/CodeSystem/CSTipoIdentificador",
      "version" : "1.8.10",
      "status" : "active",
      "name" : "CSTipoIdentificador",
      "title" : "Tipo Identificador",
      "description" : "Tipo Identificador",
      "uses" : {
      },
      "https://hl7chile.cl/fhir/ig/clcore/1.8.10/ValueSet-VSTiposDocumentos.html" : "Tipos de Documentos"
    },
    {
      "url" : "https://interoperabilidad.minsal.cl/fhir/ig/agenda/CodeSystem/CSCategotias",
      "version" : "0.1.0",
      "status" : "active",
      "name" : "CSCategotias",
      "title" : "CS Prestaciones",
      "description" : "Codigos de las prestaciones",
      "uses" : {
      },
      "ValueSet-VSCategorias.html" : "VS Prestaciones"
    },
    {
      "url" : "https://interoperabilidad.minsal.cl/fhir/ig/agenda/CodeSystem/CSPrestaciones",
      "version" : "0.1.0",
      "status" : "active",
      "name" : "CSPrestaciones",
      "title" : "CS Prestaciones",
      "description" : "Codigos de las prestaciones",
      "uses" : {
      },
      "ValueSet-VSPrestaciones.html" : "VS Prestaciones"
    },
    {
      "url" : "https://interoperabilidad.minsal.cl/fhir/ig/agenda/CodeSystem/CSPrevision",
      "version" : "0.1.0",
      "status" : "active",
      "name" : "CSPrevision",
      "title" : "CS Prevision",
      "description" : "Codigos de la previsión del paciente",
      "uses" : {
      },
      "ValueSet-VSPrevision.html" : "VS Prevision"
    },
    {
      "url" : "https://interoperabilidad.minsal.cl/fhir/ig/agenda/CodeSystem/CSServicios",
      "version" : "0.1.0",
      "status" : "active",
      "name" : "CSServicios",
      "title" : "CSServicios",
      "description" : "Aca estan los codigos del servicio del prestador que dara la cita",
      "uses" : {
      },
      "ValueSet-VSServicios.html" : "VS SERVICIOS"
    },
    {
      "url" : "urn:ietf:bcp:47",
      "version" : "2.0.1",
      "status" : "active",
      "name" : "Ietf3066",
      "title" : "Tags for the Identification of Languages",
      "description" : "Older value from OID registry.  Superceded; see recommendations in BCP-47.",
      "oids" : ["2.16.840.1.113883.6.121"],
      "uses" : {
      },
      "http://hl7.org/fhir/R4/valueset-languages.html" : "Common Languages"
    }
  ]
}
