{
  "resourceType" : "Organization",
  "id" : "EjemploOrganizacion",
  "meta" : {
    "profile" : ["https://interoperabilidad.minsal.cl/fhir/ig/agenda/StructureDefinition/Organizacion"]
  },
  "text" : {
    "status" : "generated",
    "div" : "<div xmlns=\"http://www.w3.org/1999/xhtml\"><p class=\"res-header-id\"><b>Generated Narrative: Organization EjemploOrganizacion</b></p><a name=\"EjemploOrganizacion\"> </a><a name=\"hcEjemploOrganizacion\"> </a><a name=\"EjemploOrganizacion-es-CL\"> </a><p><b>name</b>: CESFAM Barón</p></div>"
  },
  "name" : "CESFAM Barón"
}