<?xml version="1.0" encoding="UTF-8"?>

<Organization xmlns="http://hl7.org/fhir">
  <id value="EjemploOrganizacion"/>
  <meta>
    <profile value="https://interoperabilidad.minsal.cl/fhir/ig/agenda/StructureDefinition/Organizacion"/>
  </meta>
  <text>
    <status value="generated"/><div xmlns="http://www.w3.org/1999/xhtml"><p class="res-header-id"><b>Generated Narrative: Organization EjemploOrganizacion</b></p><a name="EjemploOrganizacion"> </a><a name="hcEjemploOrganizacion"> </a><a name="EjemploOrganizacion-es-CL"> </a><p><b>name</b>: CESFAM Barón</p></div>
  </text>
  <name value="CESFAM Barón"/>
</Organization>