{
  "resourceType" : "Patient",
  "id" : "EjemploPaciente2",
  "meta" : {
    "profile" : ["https://interoperabilidad.minsal.cl/fhir/ig/agenda/StructureDefinition/Paciente"]
  },
  "text" : {
    "status" : "generated",
    "div" : "<div xmlns=\"http://www.w3.org/1999/xhtml\"><p class=\"res-header-id\"><b>Generated Narrative: Patient EjemploPaciente2</b></p><a name=\"EjemploPaciente2\"> </a><a name=\"hcEjemploPaciente2\"> </a><a name=\"EjemploPaciente2-es-CL\"> </a><p style=\"border: 1px #661aff solid; background-color: #e6e6ff; padding: 10px;\">Maria Camila Ospina  (no stated gender), DoB: 1999-04-12 ( 25.634.739-0)</p><hr/><table class=\"grid\"><tr><td style=\"background-color: #f3f5da\" title=\"Da la edad del paciente\"><a href=\"StructureDefinition-Edad.html\">Edad del paciente</a></td><td colspan=\"3\">25</td></tr><tr><td style=\"background-color: #f3f5da\" title=\"Da la prevision del paciente\"><a href=\"StructureDefinition-Prevision.html\">Prevision del paciente</a></td><td colspan=\"3\">01</td></tr></table></div>"
  },
  "extension" : [{
    "url" : "https://interoperabilidad.minsal.cl/fhir/ig/agenda/StructureDefinition/Edad",
    "valueInteger" : 25
  },
  {
    "url" : "https://interoperabilidad.minsal.cl/fhir/ig/agenda/StructureDefinition/Prevision",
    "valueCode" : "01"
  }],
  "identifier" : [{
    "value" : "25.634.739-0"
  }],
  "name" : [{
    "family" : "Ospina",
    "given" : ["Maria Camila"]
  }],
  "birthDate" : "1999-04-12"
}