<?xml version="1.0" encoding="UTF-8"?>

<Patient xmlns="http://hl7.org/fhir">
  <id value="EjemploPaciente1"/>
  <meta>
    <profile value="https://interoperabilidad.minsal.cl/fhir/ig/agenda/StructureDefinition/Paciente"/>
  </meta>
  <text>
    <status value="generated"/><div xmlns="http://www.w3.org/1999/xhtml"><p class="res-header-id"><b>Generated Narrative: Patient EjemploPaciente1</b></p><a name="EjemploPaciente1"> </a><a name="hcEjemploPaciente1"> </a><a name="EjemploPaciente1-es-CL"> </a><p style="border: 1px #661aff solid; background-color: #e6e6ff; padding: 10px;">Valentina Daniela Contreras  (no stated gender), DoB: 2001-02-10 ( 20.706.399-1)</p><hr/><table class="grid"><tr><td style="background-color: #f3f5da" title="Da la edad del paciente"><a href="StructureDefinition-Edad.html">Edad del paciente</a></td><td colspan="3">23</td></tr><tr><td style="background-color: #f3f5da" title="Da la prevision del paciente"><a href="StructureDefinition-Prevision.html">Prevision del paciente</a></td><td colspan="3">01</td></tr></table></div>
  </text>
  <extension url="https://interoperabilidad.minsal.cl/fhir/ig/agenda/StructureDefinition/Edad">
    <valueInteger value="23"/>
  </extension>
  <extension url="https://interoperabilidad.minsal.cl/fhir/ig/agenda/StructureDefinition/Prevision">
    <valueCode value="01"/>
  </extension>
  <identifier>
    <value value="20.706.399-1"/>
  </identifier>
  <name>
    <family value="Contreras"/>
    <given value="Valentina Daniela"/>
  </name>
  <birthDate value="2001-02-10"/>
</Patient>