{
  "resourceType" : "PractitionerRole",
  "id" : "EjemploRolPrestador",
  "meta" : {
    "profile" : ["https://interoperabilidad.minsal.cl/fhir/ig/agenda/StructureDefinition/RolPrestador"]
  },
  "text" : {
    "status" : "generated",
    "div" : "<div xmlns=\"http://www.w3.org/1999/xhtml\"><p class=\"res-header-id\"><b>Generated Narrative: PractitionerRole EjemploRolPrestador</b></p><a name=\"EjemploRolPrestador\"> </a><a name=\"hcEjemploRolPrestador\"> </a><a name=\"EjemploRolPrestador-es-CL\"> </a><p><b>practitioner</b>: <a href=\"Practitioner-EjemploPrestador1.html\">Practitioner Cuevas Antonia </a></p><p><b>organization</b>: <a href=\"Organization-EjemploOrganizacion.html\">Organization CESFAM Barón</a></p></div>"
  },
  "practitioner" : {
    "reference" : "Practitioner/EjemploPrestador1"
  },
  "organization" : {
    "reference" : "Organization/EjemploOrganizacion"
  }
}