<?xml version="1.0" encoding="UTF-8"?>

<Practitioner xmlns="http://hl7.org/fhir">
  <id value="EjemploPrestador1"/>
  <meta>
    <profile value="https://interoperabilidad.minsal.cl/fhir/ig/agenda/StructureDefinition/Prestador"/>
  </meta>
  <text>
    <status value="extensions"/><div xmlns="http://www.w3.org/1999/xhtml"><p class="res-header-id"><b>Generated Narrative: Practitioner EjemploPrestador1</b></p><a name="EjemploPrestador1"> </a><a name="hcEjemploPrestador1"> </a><a name="EjemploPrestador1-es-CL"> </a><p><b>Servicio del prestador</b>: 1</p><p><b>name</b>: Cuevas Antonia </p><h3>Qualifications</h3><table class="grid"><tr><td style="display: none">-</td><td><b>Code</b></td></tr><tr><td style="display: none">*</td><td><span title="Codes:{https://interoperabilidad.minsal.cl/fhir/ig/tei/CodeSystem/CSTituloProfesional 11}">Certificado(s)</span></td></tr></table></div>
  </text>
  <extension url="https://interoperabilidad.minsal.cl/fhir/ig/agenda/StructureDefinition/Servicios">
    <valueCode value="1"/>
  </extension>
  <name>
    <family value="Antonia"/>
    <given value="Cuevas"/>
  </name>
  <qualification>
    <code>
      <coding>
        <system value="https://interoperabilidad.minsal.cl/fhir/ig/tei/CodeSystem/CSTituloProfesional"/>
        <code value="11"/>
        <display value="Nutricionista"/>
      </coding>
      <text value="Certificado(s)"/>
    </code>
  </qualification>
</Practitioner>