<?xml version="1.0" encoding="UTF-8"?>

<PractitionerRole xmlns="http://hl7.org/fhir">
  <id value="EjemploRolPrestador"/>
  <meta>
    <profile value="https://interoperabilidad.minsal.cl/fhir/ig/agenda/StructureDefinition/RolPrestador"/>
  </meta>
  <text>
    <status value="generated"/><div xmlns="http://www.w3.org/1999/xhtml"><p class="res-header-id"><b>Generated Narrative: PractitionerRole EjemploRolPrestador</b></p><a name="EjemploRolPrestador"> </a><a name="hcEjemploRolPrestador"> </a><a name="EjemploRolPrestador-es-CL"> </a><p><b>practitioner</b>: <a href="Practitioner-EjemploPrestador1.html">Practitioner Cuevas Antonia </a></p><p><b>organization</b>: <a href="Organization-EjemploOrganizacion.html">Organization CESFAM Barón</a></p></div>
  </text>
  <practitioner>
    <reference value="Practitioner/EjemploPrestador1"/>
  </practitioner>
  <organization>
    <reference value="Organization/EjemploOrganizacion"/>
  </organization>
</PractitionerRole>