<?xml version="1.0" encoding="UTF-8"?>

<ServiceRequest xmlns="http://hl7.org/fhir">
  <id value="EjemploSolicitudServicio2"/>
  <meta>
    <profile value="https://interoperabilidad.minsal.cl/fhir/ig/agenda/StructureDefinition/SolicitudServicio"/>
  </meta>
  <text>
    <status value="generated"/><div xmlns="http://www.w3.org/1999/xhtml"><p class="res-header-id"><b>Generated Narrative: ServiceRequest EjemploSolicitudServicio2</b></p><a name="EjemploSolicitudServicio2"> </a><a name="hcEjemploSolicitudServicio2"> </a><a name="EjemploSolicitudServicio2-es-CL"> </a><p><b>status</b>: Active</p><p><b>intent</b>: Order</p><p><b>priority</b>: Routine</p><p><b>subject</b>: <a href="Patient-EjemploPaciente2.html">Maria Camila Ospina  (no stated gender), DoB: 1999-04-12 ( 25.634.739-0)</a></p><p><b>authoredOn</b>: 2024-07-20 12:00:00-0300</p></div>
  </text>
  <status value="active"/>
  <intent value="order"/>
  <priority value="routine"/>
  <subject>
    <reference value="Patient/EjemploPaciente2"/>
  </subject>
  <authoredOn value="2024-07-20T12:00:00-03:00"/>
</ServiceRequest>