{
  "resourceType" : "ServiceRequest",
  "id" : "EjemploSolicitudServicio1",
  "meta" : {
    "profile" : ["https://interoperabilidad.minsal.cl/fhir/ig/agenda/StructureDefinition/SolicitudServicio"]
  },
  "text" : {
    "status" : "generated",
    "div" : "<div xmlns=\"http://www.w3.org/1999/xhtml\"><p class=\"res-header-id\"><b>Generated Narrative: ServiceRequest EjemploSolicitudServicio1</b></p><a name=\"EjemploSolicitudServicio1\"> </a><a name=\"hcEjemploSolicitudServicio1\"> </a><a name=\"EjemploSolicitudServicio1-es-CL\"> </a><p><b>status</b>: Active</p><p><b>intent</b>: Order</p><p><b>priority</b>: Routine</p><p><b>subject</b>: <a href=\"Patient-EjemploPaciente1.html\">Valentina Daniela Contreras  (no stated gender), DoB: 2001-02-10 ( 20.706.399-1)</a></p><p><b>authoredOn</b>: 2024-07-20 12:00:00-0300</p></div>"
  },
  "status" : "active",
  "intent" : "order",
  "priority" : "routine",
  "subject" : {
    "reference" : "Patient/EjemploPaciente1"
  },
  "authoredOn" : "2024-07-20T12:00:00-03:00"
}