<?xml version="1.0" encoding="UTF-8"?>

<ValueSet xmlns="http://hl7.org/fhir">
  <id value="VSPrevision"/>
  <text>
    <status value="generated"/><div xmlns="http://www.w3.org/1999/xhtml"><p class="res-header-id"><b>Generated Narrative: ValueSet VSPrevision</b></p><a name="VSPrevision"> </a><a name="hcVSPrevision"> </a><a name="VSPrevision-es-CL"> </a><ul><li>Include all codes defined in <a href="CodeSystem-CSPrevision.html"><code>https://interoperabilidad.minsal.cl/fhir/ig/agenda/CodeSystem/CSPrevision</code></a></li></ul></div>
  </text>
  <url value="https://interoperabilidad.minsal.cl/fhir/ig/agenda/ValueSet/VSPrevision"/>
  <version value="0.1.0"/>
  <name value="VSPrevision"/>
  <title value="VS Prevision"/>
  <status value="active"/>
  <experimental value="false"/>
  <date value="2024-10-09T15:38:45-03:00"/>
  <publisher value="Unidad de Interoperabilidad - MINSAL"/>
  <contact>
    <name value="Unidad de Interoperabilidad - MINSAL"/>
    <telecom>
      <system value="url"/>
      <value value="https://interoperabilidad.minsal.cl"/>
    </telecom>
  </contact>
  <description value="Previsión del paciente"/>
  <jurisdiction>
    <coding>
      <system value="urn:iso:std:iso:3166"/>
      <code value="CL"/>
      <display value="Chile"/>
    </coding>
  </jurisdiction>
  <compose>
    <include>
      <system value="https://interoperabilidad.minsal.cl/fhir/ig/agenda/CodeSystem/CSPrevision"/>
    </include>
  </compose>
</ValueSet>