<?xml version="1.0" encoding="UTF-8"?><ValueSet xmlns="http://hl7.org/fhir"><id value="VSServicios"/><text><status value="generated"/><div xmlns="http://www.w3.org/1999/xhtml"><p class="res-header-id"><b>Generated Narrative: ConjuntoValores / ConjuntoDeValores VSServicios</b></p><a name="VSServicios"> </a><a name="hcVSServicios"> </a><ul><li>Include all codes defined in <a href="CodeSystem-CSServicios.html"><code>https://interoperabilidad.minsal.cl/fhir/ig/agenda/CodeSystem/CSServicios</code></a><span title="Version is not explicitly stated, which means it is fixed to the version provided in this specification"> version 📦0.4.0</span></li></ul></div></text><url value="https://interoperabilidad.minsal.cl/fhir/ig/agenda/ValueSet/VSServicios"/><version value="0.4.0"/><name value="VSServicios"/><title value="VS SERVICIOS"/><status value="active"/><experimental value="false"/><date value="2025-10-23T00:01:47-03:00"/><publisher value="Unidad de Interoperabilidad - MINSAL"/><contact><name value="Unidad de Interoperabilidad - MINSAL"/><telecom><system value="url"/><value value="https://interoperabilidad.minsal.cl"/></telecom></contact><description value="Servicio que dara el prestador"/><jurisdiction><coding><system value="urn:iso:std:iso:3166"/><code value="CL"/><display value="Chile"/></coding></jurisdiction><compose><include><system value="https://interoperabilidad.minsal.cl/fhir/ig/agenda/CodeSystem/CSServicios"/></include></compose></ValueSet>