<?xml version="1.0" encoding="UTF-8"?><ValueSet xmlns="http://hl7.org/fhir"><id value="VSPrestaciones"/><text><status value="generated"/><div xmlns="http://www.w3.org/1999/xhtml"><p class="res-header-id"><b>Generated Narrative: ConjuntoValores / ConjuntoDeValores VSPrestaciones</b></p><a name="VSPrestaciones"> </a><a name="hcVSPrestaciones"> </a><ul><li>Include all codes defined in <a href="CodeSystem-CSPrestaciones.html"><code>https://interoperabilidad.minsal.cl/fhir/ig/agenda/CodeSystem/CSPrestaciones</code></a><span title="Version is not explicitly stated, which means it is fixed to the version provided in this specification"> version 📦0.4.0</span></li></ul></div></text><url value="https://interoperabilidad.minsal.cl/fhir/ig/agenda/ValueSet/VSPrestaciones"/><version value="0.4.0"/><name value="VSPrestaciones"/><title value="VS Prestaciones"/><status value="active"/><experimental value="false"/><date value="2025-10-13T23:29:58-03:00"/><publisher value="Unidad de Interoperabilidad - MINSAL"/><contact><name value="Unidad de Interoperabilidad - MINSAL"/><telecom><system value="url"/><value value="https://interoperabilidad.minsal.cl"/></telecom></contact><description value="Prestaciones"/><jurisdiction><coding><system value="urn:iso:std:iso:3166"/><code value="CL"/><display value="Chile"/></coding></jurisdiction><compose><include><system value="https://interoperabilidad.minsal.cl/fhir/ig/agenda/CodeSystem/CSPrestaciones"/></include></compose></ValueSet>