<?xml version="1.0" encoding="UTF-8"?>

<Appointment xmlns="http://hl7.org/fhir">
  <id value="EjemploCita1"/>
  <meta>
    <profile value="https://interoperabilidad.minsal.cl/fhir/ig/agenda/StructureDefinition/Cita"/>
  </meta>
  <text>
    <status value="extensions"/><div xmlns="http://www.w3.org/1999/xhtml"><p class="res-header-id"><b>Generated Narrative: Cita EjemploCita1</b></p><a name="EjemploCita1"> </a><a name="hcEjemploCita1"> </a><div style="display: inline-block; background-color: #d9e0e7; padding: 6px; margin: 4px; border: 1px solid #8da1b4; border-radius: 5px; line-height: 60%"><p style="margin-bottom: 0px"/><p style="margin-bottom: 0px">Profile: <a href="StructureDefinition-Cita.html">Perfil Cita</a></p></div><p><b>Apellido Servicio</b>: Comentario de la cita</p><p><b>status</b>: Booked</p><p><b>specialty</b>: <span title="Codes:{http://snomed.info/sct 408467006}">Adult mental illness - specialty (qualifier value)</span></p><p><b>start</b>: 2024-07-25 12:30:00-0300</p><p><b>end</b>: 2024-07-25 12:50:00-0300</p><p><b>basedOn</b>: <a href="ServiceRequest-EjemploSolicitudServicio1.html">ServiceRequest: status = active; intent = order; priority = routine; authoredOn = 2024-07-20 12:00:00-0300</a></p><blockquote><p><b>participant</b></p><p><b>actor</b>: <a href="Patient-EjemploPaciente1.html">Valentina Daniela Contreras  (no stated gender), DoB: 2001-02-10 ( 20.706.399-1)</a></p><p><b>required</b>: Required</p><p><b>status</b>: Accepted</p></blockquote><blockquote><p><b>participant</b></p><p><b>actor</b>: <a href="Practitioner-EjemploPrestador1.html">Practitioner Cuevas Antonia </a></p><p><b>required</b>: Optional</p><p><b>status</b>: Accepted</p></blockquote></div>
  </text>
  <extension url="https://interoperabilidad.minsal.cl/fhir/ig/agenda/StructureDefinition/ApellidoServicio">
    <valueString value="Comentario de la cita"/>
  </extension>
  <status value="booked"/>
  <specialty>
    <coding>
      <system value="http://snomed.info/sct"/>
      <code value="408467006"/>
    </coding>
  </specialty>
  <start value="2024-07-25T12:30:00-03:00"/>
  <end value="2024-07-25T12:50:00-03:00"/>
  <basedOn>
    <reference value="ServiceRequest/EjemploSolicitudServicio1"/>
  </basedOn>
  <participant>
    <actor>
      <reference value="Patient/EjemploPaciente1"/>
    </actor>
    <required value="required"/>
    <status value="accepted"/>
  </participant>
  <participant>
    <actor>
      <reference value="Practitioner/EjemploPrestador1"/>
    </actor>
    <required value="optional"/>
    <status value="accepted"/>
  </participant>
</Appointment>