[
  {
    "id" : "CSCategotias",
    "type" : "CodeSystem",
    "url" : "https://interoperabilidad.minsal.cl/fhir/ig/agenda/CodeSystem/CSCategotias",
    "version" : "0.4.0",
    "name" : "CSCategotias"
  },
  {
    "id" : "CSPrestaciones",
    "type" : "CodeSystem",
    "url" : "https://interoperabilidad.minsal.cl/fhir/ig/agenda/CodeSystem/CSPrestaciones",
    "version" : "0.4.0",
    "name" : "CSPrestaciones"
  },
  {
    "id" : "CSPrevision",
    "type" : "CodeSystem",
    "url" : "https://interoperabilidad.minsal.cl/fhir/ig/agenda/CodeSystem/CSPrevision",
    "version" : "0.4.0",
    "name" : "CSPrevision"
  },
  {
    "id" : "CSServicios",
    "type" : "CodeSystem",
    "url" : "https://interoperabilidad.minsal.cl/fhir/ig/agenda/CodeSystem/CSServicios",
    "version" : "0.4.0",
    "name" : "CSServicios"
  },
  {
    "id" : "hl7.fhir.cl.agenda",
    "type" : "ImplementationGuide",
    "url" : "https://interoperabilidad.minsal.cl/fhir/ig/agenda/ImplementationGuide/hl7.fhir.cl.agenda",
    "version" : "0.4.0",
    "name" : "Agendacitasmedicas"
  },
  {
    "id" : "ApellidoServicio",
    "type" : "StructureDefinition",
    "url" : "https://interoperabilidad.minsal.cl/fhir/ig/agenda/StructureDefinition/ApellidoServicio",
    "version" : "0.4.0",
    "name" : "ApellidoServicio"
  },
  {
    "id" : "BundleRespuesta",
    "type" : "StructureDefinition",
    "url" : "https://interoperabilidad.minsal.cl/fhir/ig/agenda/StructureDefinition/BundleRespuesta",
    "version" : "0.4.0",
    "name" : "BundleRespuesta"
  },
  {
    "id" : "BundleSolicitud",
    "type" : "StructureDefinition",
    "url" : "https://interoperabilidad.minsal.cl/fhir/ig/agenda/StructureDefinition/BundleSolicitud",
    "version" : "0.4.0",
    "name" : "BundleSolicitud"
  },
  {
    "id" : "Cita",
    "type" : "StructureDefinition",
    "url" : "https://interoperabilidad.minsal.cl/fhir/ig/agenda/StructureDefinition/Cita",
    "version" : "0.4.0",
    "name" : "Cita"
  },
  {
    "id" : "CitaRespuesta",
    "type" : "StructureDefinition",
    "url" : "https://interoperabilidad.minsal.cl/fhir/ig/agenda/StructureDefinition/CitaRespuesta",
    "version" : "0.4.0",
    "name" : "CitaRespuesta"
  },
  {
    "id" : "Edad",
    "type" : "StructureDefinition",
    "url" : "https://interoperabilidad.minsal.cl/fhir/ig/agenda/StructureDefinition/Edad",
    "version" : "0.4.0",
    "name" : "Edad"
  },
  {
    "id" : "Organizacion",
    "type" : "StructureDefinition",
    "url" : "https://interoperabilidad.minsal.cl/fhir/ig/agenda/StructureDefinition/Organizacion",
    "version" : "0.4.0",
    "name" : "Organizacion"
  },
  {
    "id" : "PacienteAgenda",
    "type" : "StructureDefinition",
    "url" : "https://interoperabilidad.minsal.cl/fhir/ig/agenda/StructureDefinition/PacienteAgenda",
    "version" : "0.4.0",
    "name" : "PacienteAgenda"
  },
  {
    "id" : "Prestaciones",
    "type" : "StructureDefinition",
    "url" : "https://interoperabilidad.minsal.cl/fhir/ig/agenda/StructureDefinition/Prestaciones",
    "version" : "0.4.0",
    "name" : "Prestaciones"
  },
  {
    "id" : "Prestador",
    "type" : "StructureDefinition",
    "url" : "https://interoperabilidad.minsal.cl/fhir/ig/agenda/StructureDefinition/Prestador",
    "version" : "0.4.0",
    "name" : "Prestador"
  },
  {
    "id" : "Prevision",
    "type" : "StructureDefinition",
    "url" : "https://interoperabilidad.minsal.cl/fhir/ig/agenda/StructureDefinition/Prevision",
    "version" : "0.4.0",
    "name" : "Prevision"
  },
  {
    "id" : "RolPrestador",
    "type" : "StructureDefinition",
    "url" : "https://interoperabilidad.minsal.cl/fhir/ig/agenda/StructureDefinition/RolPrestador",
    "version" : "0.4.0",
    "name" : "RolPrestador"
  },
  {
    "id" : "Servicios",
    "type" : "StructureDefinition",
    "url" : "https://interoperabilidad.minsal.cl/fhir/ig/agenda/StructureDefinition/Servicios",
    "version" : "0.4.0",
    "name" : "Servicios"
  },
  {
    "id" : "SolicitudServicio",
    "type" : "StructureDefinition",
    "url" : "https://interoperabilidad.minsal.cl/fhir/ig/agenda/StructureDefinition/SolicitudServicio",
    "version" : "0.4.0",
    "name" : "SolicitudServicio"
  },
  {
    "id" : "VSCategorias",
    "type" : "ValueSet",
    "url" : "https://interoperabilidad.minsal.cl/fhir/ig/agenda/ValueSet/VSCategorias",
    "version" : "0.4.0",
    "name" : "VSCategorias"
  },
  {
    "id" : "VSPrestaciones",
    "type" : "ValueSet",
    "url" : "https://interoperabilidad.minsal.cl/fhir/ig/agenda/ValueSet/VSPrestaciones",
    "version" : "0.4.0",
    "name" : "VSPrestaciones"
  },
  {
    "id" : "VSPrevision",
    "type" : "ValueSet",
    "url" : "https://interoperabilidad.minsal.cl/fhir/ig/agenda/ValueSet/VSPrevision",
    "version" : "0.4.0",
    "name" : "VSPrevision"
  },
  {
    "id" : "VSServicios",
    "type" : "ValueSet",
    "url" : "https://interoperabilidad.minsal.cl/fhir/ig/agenda/ValueSet/VSServicios",
    "version" : "0.4.0",
    "name" : "VSServicios"
  }
]
