{
  "resourceType" : "CodeSystem",
  "id" : "CSServicios",
  "text" : {
    "status" : "generated",
    "div" : "<div xmlns=\"http://www.w3.org/1999/xhtml\"><p class=\"res-header-id\"><b>Generated Narrative: SistemaDeCodigos CSServicios</b></p><a name=\"CSServicios\"> </a><a name=\"hcCSServicios\"> </a><p>This case-sensitive code system <code>https://interoperabilidad.minsal.cl/fhir/ig/agenda/CodeSystem/CSServicios</code> defines the following codes:</p><table class=\"codes\"><tr><td style=\"white-space:nowrap\"><b>Code</b></td><td><b>Display</b></td></tr><tr><td style=\"white-space:nowrap\">1<a name=\"CSServicios-1\"> </a></td><td>Información y asistencia sobre adopción y atención permanente</td></tr><tr><td style=\"white-space:nowrap\">2<a name=\"CSServicios-2\"> </a></td><td>Evaluación de atención a personas mayores</td></tr><tr><td style=\"white-space:nowrap\">3<a name=\"CSServicios-3\"> </a></td><td>Información y derivaciones para el cuidado de personas mayores</td></tr><tr><td style=\"white-space:nowrap\">4<a name=\"CSServicios-4\"> </a></td><td>Atención residencial para ancianos</td></tr><tr><td style=\"white-space:nowrap\">5<a name=\"CSServicios-5\"> </a></td><td>Gestión de casos para personas mayores</td></tr><tr><td style=\"white-space:nowrap\">6<a name=\"CSServicios-6\"> </a></td><td>Comidas a domicilio (Meals On Wheels)</td></tr><tr><td style=\"white-space:nowrap\">7<a name=\"CSServicios-7\"> </a></td><td>Visita amistosa</td></tr><tr><td style=\"white-space:nowrap\">8<a name=\"CSServicios-8\"> </a></td><td>Asistencia para el cuidado del hogar/limpieza del hogar</td></tr><tr><td style=\"white-space:nowrap\">9<a name=\"CSServicios-9\"> </a></td><td>Mantenimiento y reparación del hogar</td></tr><tr><td style=\"white-space:nowrap\">10<a name=\"CSServicios-10\"> </a></td><td>Alarmas/Alertas Personales</td></tr></table></div>"
  },
  "url" : "https://interoperabilidad.minsal.cl/fhir/ig/agenda/CodeSystem/CSServicios",
  "version" : "0.4.0",
  "name" : "CSServicios",
  "title" : "CSServicios",
  "status" : "active",
  "experimental" : false,
  "date" : "2025-10-23T00:01:47-03:00",
  "publisher" : "Unidad de Interoperabilidad - MINSAL",
  "contact" : [{
    "name" : "Unidad de Interoperabilidad - MINSAL",
    "telecom" : [{
      "system" : "url",
      "value" : "https://interoperabilidad.minsal.cl"
    }]
  }],
  "description" : "Aca estan los codigos del servicio del prestador que dara la cita",
  "jurisdiction" : [{
    "coding" : [{
      "system" : "urn:iso:std:iso:3166",
      "code" : "CL",
      "display" : "Chile"
    }]
  }],
  "caseSensitive" : true,
  "content" : "complete",
  "count" : 10,
  "concept" : [{
    "code" : "1",
    "display" : "Información y asistencia sobre adopción y atención permanente"
  },
  {
    "code" : "2",
    "display" : "Evaluación de atención a personas mayores"
  },
  {
    "code" : "3",
    "display" : "Información y derivaciones para el cuidado de personas mayores"
  },
  {
    "code" : "4",
    "display" : "Atención residencial para ancianos"
  },
  {
    "code" : "5",
    "display" : "Gestión de casos para personas mayores"
  },
  {
    "code" : "6",
    "display" : "Comidas a domicilio (Meals On Wheels)"
  },
  {
    "code" : "7",
    "display" : "Visita amistosa"
  },
  {
    "code" : "8",
    "display" : "Asistencia para el cuidado del hogar/limpieza del hogar"
  },
  {
    "code" : "9",
    "display" : "Mantenimiento y reparación del hogar"
  },
  {
    "code" : "10",
    "display" : "Alarmas/Alertas Personales"
  }]
}