<?xml version="1.0" encoding="UTF-8"?>

<CodeSystem xmlns="http://hl7.org/fhir">
  <id value="CSCategotias"/>
  <text>
    <status value="generated"/><div xmlns="http://www.w3.org/1999/xhtml"><p class="res-header-id"><b>Generated Narrative: SistemaDeCodigos CSCategotias</b></p><a name="CSCategotias"> </a><a name="hcCSCategotias"> </a><p>This case-sensitive code system <code>https://interoperabilidad.minsal.cl/fhir/ig/agenda/CodeSystem/CSCategotias</code> defines the following codes:</p><table class="codes"><tr><td style="white-space:nowrap"><b>Code</b></td><td><b>Display</b></td></tr><tr><td style="white-space:nowrap">1<a name="CSCategotias-1"> </a></td><td>Urgencia</td></tr><tr><td style="white-space:nowrap">2<a name="CSCategotias-2"> </a></td><td>Consulta</td></tr></table></div>
  </text>
  <url value="https://interoperabilidad.minsal.cl/fhir/ig/agenda/CodeSystem/CSCategotias"/>
  <version value="0.4.0"/>
  <name value="CSCategotias"/>
  <title value="CS Prestaciones"/>
  <status value="active"/>
  <experimental value="false"/>
  <date value="2025-10-23T00:01:47-03:00"/>
  <publisher value="Unidad de Interoperabilidad - MINSAL"/>
  <contact>
    <name value="Unidad de Interoperabilidad - MINSAL"/>
    <telecom>
      <system value="url"/>
      <value value="https://interoperabilidad.minsal.cl"/>
    </telecom>
  </contact>
  <description value="Codigos de las prestaciones"/>
  <jurisdiction>
    <coding>
      <system value="urn:iso:std:iso:3166"/>
      <code value="CL"/>
      <display value="Chile"/>
    </coding>
  </jurisdiction>
  <caseSensitive value="true"/>
  <content value="complete"/>
  <count value="2"/>
  <concept>
    <code value="1"/>
    <display value="Urgencia"/>
  </concept>
  <concept>
    <code value="2"/>
    <display value="Consulta"/>
  </concept>
</CodeSystem>