{
  "resourceType" : "CodeSystem",
  "id" : "CSCategotias",
  "text" : {
    "status" : "generated",
    "div" : "<div xmlns=\"http://www.w3.org/1999/xhtml\"><p class=\"res-header-id\"><b>Generated Narrative: SistemaDeCodigos CSCategotias</b></p><a name=\"CSCategotias\"> </a><a name=\"hcCSCategotias\"> </a><p>This case-sensitive code system <code>https://interoperabilidad.minsal.cl/fhir/ig/agenda/CodeSystem/CSCategotias</code> defines the following codes:</p><table class=\"codes\"><tr><td style=\"white-space:nowrap\"><b>Code</b></td><td><b>Display</b></td></tr><tr><td style=\"white-space:nowrap\">1<a name=\"CSCategotias-1\"> </a></td><td>Urgencia</td></tr><tr><td style=\"white-space:nowrap\">2<a name=\"CSCategotias-2\"> </a></td><td>Consulta</td></tr></table></div>"
  },
  "url" : "https://interoperabilidad.minsal.cl/fhir/ig/agenda/CodeSystem/CSCategotias",
  "version" : "0.4.0",
  "name" : "CSCategotias",
  "title" : "CS Prestaciones",
  "status" : "active",
  "experimental" : false,
  "date" : "2025-10-23T00:01:47-03:00",
  "publisher" : "Unidad de Interoperabilidad - MINSAL",
  "contact" : [{
    "name" : "Unidad de Interoperabilidad - MINSAL",
    "telecom" : [{
      "system" : "url",
      "value" : "https://interoperabilidad.minsal.cl"
    }]
  }],
  "description" : "Codigos de las prestaciones",
  "jurisdiction" : [{
    "coding" : [{
      "system" : "urn:iso:std:iso:3166",
      "code" : "CL",
      "display" : "Chile"
    }]
  }],
  "caseSensitive" : true,
  "content" : "complete",
  "count" : 2,
  "concept" : [{
    "code" : "1",
    "display" : "Urgencia"
  },
  {
    "code" : "2",
    "display" : "Consulta"
  }]
}