<?xml version="1.0" encoding="UTF-8"?>

<Organization xmlns="http://hl7.org/fhir">
  <id value="EjemploOrganizacion"/>
  <meta>
    <profile value="https://interoperabilidad.minsal.cl/fhir/ig/agenda/StructureDefinition/Organizacion"/>
  </meta>
  <text>
    <status value="generated"/><div xmlns="http://www.w3.org/1999/xhtml"><p class="res-header-id"><b>Generated Narrative: Organización EjemploOrganizacion</b></p><a name="EjemploOrganizacion"> </a><a name="hcEjemploOrganizacion"> </a><div style="display: inline-block; background-color: #d9e0e7; padding: 6px; margin: 4px; border: 1px solid #8da1b4; border-radius: 5px; line-height: 60%"><p style="margin-bottom: 0px"/><p style="margin-bottom: 0px">Profile: <a href="StructureDefinition-Organizacion.html">Perfil de la Organización</a></p></div><p><b>name</b>: CESFAM Barón</p></div>
  </text>
  <name value="CESFAM Barón"/>
</Organization>