{
  "resourceType" : "Patient",
  "id" : "EjemploPaciente1",
  "meta" : {
    "profile" : ["https://interoperabilidad.minsal.cl/fhir/ig/agenda/StructureDefinition/PacienteAgenda"]
  },
  "text" : {
    "status" : "generated",
    "div" : "<div xmlns=\"http://www.w3.org/1999/xhtml\"><p class=\"res-header-id\"><b>Generated Narrative: Paciente EjemploPaciente1</b></p><a name=\"EjemploPaciente1\"> </a><a name=\"hcEjemploPaciente1\"> </a><div style=\"display: inline-block; background-color: #d9e0e7; padding: 6px; margin: 4px; border: 1px solid #8da1b4; border-radius: 5px; line-height: 60%\"><p style=\"margin-bottom: 0px\"/><p style=\"margin-bottom: 0px\">Profile: <a href=\"StructureDefinition-PacienteAgenda.html\">Paciente</a></p></div><p style=\"border: 1px #661aff solid; background-color: #e6e6ff; padding: 10px;\">Valentina Daniela Contreras  (no stated gender), DoB: 2001-02-10 ( 20.706.399-1)</p><hr/><table class=\"grid\"><tr><td style=\"background-color: #f3f5da\" title=\"Da la edad del paciente\"><a href=\"StructureDefinition-Edad.html\">Edad del paciente</a></td><td colspan=\"3\">23</td></tr></table></div>"
  },
  "extension" : [{
    "url" : "https://interoperabilidad.minsal.cl/fhir/ig/agenda/StructureDefinition/Edad",
    "valueInteger" : 23
  }],
  "identifier" : [{
    "value" : "20.706.399-1"
  }],
  "name" : [{
    "family" : "Contreras",
    "given" : ["Valentina Daniela"]
  }],
  "birthDate" : "2001-02-10"
}