<?xml version="1.0" encoding="UTF-8"?>

<Patient xmlns="http://hl7.org/fhir">
  <id value="EjemploPaciente2"/>
  <meta>
    <profile value="https://interoperabilidad.minsal.cl/fhir/ig/agenda/StructureDefinition/PacienteAgenda"/>
  </meta>
  <text>
    <status value="generated"/><div xmlns="http://www.w3.org/1999/xhtml"><p class="res-header-id"><b>Generated Narrative: Paciente EjemploPaciente2</b></p><a name="EjemploPaciente2"> </a><a name="hcEjemploPaciente2"> </a><div style="display: inline-block; background-color: #d9e0e7; padding: 6px; margin: 4px; border: 1px solid #8da1b4; border-radius: 5px; line-height: 60%"><p style="margin-bottom: 0px"/><p style="margin-bottom: 0px">Profile: <a href="StructureDefinition-PacienteAgenda.html">Paciente</a></p></div><p style="border: 1px #661aff solid; background-color: #e6e6ff; padding: 10px;">Maria Camila Ospina  (no stated gender), DoB: 1999-04-12 ( 25.634.739-0)</p><hr/><table class="grid"><tr><td style="background-color: #f3f5da" title="Da la edad del paciente"><a href="StructureDefinition-Edad.html">Edad del paciente</a></td><td colspan="3">25</td></tr></table></div>
  </text>
  <extension url="https://interoperabilidad.minsal.cl/fhir/ig/agenda/StructureDefinition/Edad">
    <valueInteger value="25"/>
  </extension>
  <identifier>
    <value value="25.634.739-0"/>
  </identifier>
  <name>
    <family value="Ospina"/>
    <given value="Maria Camila"/>
  </name>
  <birthDate value="1999-04-12"/>
</Patient>