<?xml version="1.0" encoding="UTF-8"?>

<PractitionerRole xmlns="http://hl7.org/fhir">
  <id value="EjemploRolPrestador"/>
  <meta>
    <profile value="https://interoperabilidad.minsal.cl/fhir/ig/agenda/StructureDefinition/RolPrestador"/>
  </meta>
  <text>
    <status value="generated"/><div xmlns="http://www.w3.org/1999/xhtml"><p class="res-header-id"><b>Generated Narrative: RolProfesional EjemploRolPrestador</b></p><a name="EjemploRolPrestador"> </a><a name="hcEjemploRolPrestador"> </a><div style="display: inline-block; background-color: #d9e0e7; padding: 6px; margin: 4px; border: 1px solid #8da1b4; border-radius: 5px; line-height: 60%"><p style="margin-bottom: 0px"/><p style="margin-bottom: 0px">Profile: <a href="StructureDefinition-RolPrestador.html">Perfil del Rol del Prestador</a></p></div><p><b>practitioner</b>: <a href="Practitioner-EjemploPrestador1.html">Practitioner Cuevas Antonia </a></p><p><b>organization</b>: <a href="Organization-EjemploOrganizacion.html">Organization CESFAM Barón</a></p></div>
  </text>
  <practitioner>
    <reference value="Practitioner/EjemploPrestador1"/>
  </practitioner>
  <organization>
    <reference value="Organization/EjemploOrganizacion"/>
  </organization>
</PractitionerRole>