<?xml version="1.0" encoding="UTF-8"?>

<Practitioner xmlns="http://hl7.org/fhir">
  <id value="EjemploPrestador1"/>
  <meta>
    <profile value="https://interoperabilidad.minsal.cl/fhir/ig/agenda/StructureDefinition/Prestador"/>
  </meta>
  <text>
    <status value="extensions"/><div xmlns="http://www.w3.org/1999/xhtml"><p class="res-header-id"><b>Generated Narrative: Practicante / Profesional EjemploPrestador1</b></p><a name="EjemploPrestador1"> </a><a name="hcEjemploPrestador1"> </a><div style="display: inline-block; background-color: #d9e0e7; padding: 6px; margin: 4px; border: 1px solid #8da1b4; border-radius: 5px; line-height: 60%"><p style="margin-bottom: 0px"/><p style="margin-bottom: 0px">Profile: <a href="StructureDefinition-Prestador.html">Prestador</a></p></div><p><b>Servicio del prestador</b>: 1</p><p><b>name</b>: Cuevas Antonia </p><h3>Qualifications</h3><table class="grid"><tr><td style="display: none">-</td><td><b>Code</b></td></tr><tr><td style="display: none">*</td><td><span title="Codes:{https://interoperabilidad.minsal.cl/fhir/ig/tei/CodeSystem/CSTituloProfesional 11}">TituloProfesionalificado(s)</span></td></tr></table></div>
  </text>
  <extension url="https://interoperabilidad.minsal.cl/fhir/ig/agenda/StructureDefinition/Servicios">
    <valueCode value="1"/>
  </extension>
  <name>
    <family value="Antonia"/>
    <given value="Cuevas"/>
  </name>
  <qualification>
    <code>
      <coding>
        <system value="https://interoperabilidad.minsal.cl/fhir/ig/tei/CodeSystem/CSTituloProfesional"/>
        <code value="11"/>
        <display value="Nutricionista"/>
      </coding>
      <text value="TituloProfesionalificado(s)"/>
    </code>
  </qualification>
</Practitioner>