{
  "package": "hl7.fhir.cl.agenda",
  "version": "0.4.0",
  "fhirVersion": "4.0.1",
  "jurisdiction": "CL",
  "extensions": [
    {
      "url": "https://interoperabilidad.minsal.cl/fhir/ig/agenda/StructureDefinition/ApellidoServicio",
      "title": "Apellido Servicio",
      "types": [
        "string"
      ]
    },
    {
      "url": "https://interoperabilidad.minsal.cl/fhir/ig/agenda/StructureDefinition/Edad",
      "title": "Edad del paciente",
      "types": [
        "integer"
      ]
    },
    {
      "url": "https://interoperabilidad.minsal.cl/fhir/ig/agenda/StructureDefinition/Prestaciones",
      "title": "Prestaciones",
      "types": [
        "code"
      ]
    },
    {
      "url": "https://interoperabilidad.minsal.cl/fhir/ig/agenda/StructureDefinition/Servicios",
      "title": "Servicio del prestador",
      "types": [
        "code"
      ]
    }
  ],
  "profiles": {
    "Bundle": [
      {
        "url": "https://interoperabilidad.minsal.cl/fhir/ig/agenda/StructureDefinition/BundleRespuesta",
        "title": "Bundle Transacción para indicar la respuesta ante una propuesta de cita médica "
      },
      {
        "url": "https://interoperabilidad.minsal.cl/fhir/ig/agenda/StructureDefinition/BundleSolicitud",
        "title": "Bundle Transacción para indicar la solicitud de una hora médica ambulatoria"
      }
    ],
    "Appointment": [
      {
        "url": "https://interoperabilidad.minsal.cl/fhir/ig/agenda/StructureDefinition/Cita",
        "title": "Perfil Cita"
      }
    ],
    "AppointmentResponse": [
      {
        "url": "https://interoperabilidad.minsal.cl/fhir/ig/agenda/StructureDefinition/CitaRespuesta",
        "title": "Perfil de la Respuesta a la cita."
      }
    ],
    "Organization": [
      {
        "url": "https://interoperabilidad.minsal.cl/fhir/ig/agenda/StructureDefinition/Organizacion",
        "title": "Perfil de la Organización"
      }
    ],
    "Patient": [
      {
        "url": "https://interoperabilidad.minsal.cl/fhir/ig/agenda/StructureDefinition/PacienteAgenda",
        "title": "Paciente"
      }
    ],
    "Practitioner": [
      {
        "url": "https://interoperabilidad.minsal.cl/fhir/ig/agenda/StructureDefinition/Prestador",
        "title": "Prestador"
      }
    ],
    "Coverage": [
      {
        "url": "https://interoperabilidad.minsal.cl/fhir/ig/agenda/StructureDefinition/Prevision",
        "title": "Prevision"
      }
    ],
    "PractitionerRole": [
      {
        "url": "https://interoperabilidad.minsal.cl/fhir/ig/agenda/StructureDefinition/RolPrestador",
        "title": "Perfil del Rol del Prestador"
      }
    ],
    "ServiceRequest": [
      {
        "url": "https://interoperabilidad.minsal.cl/fhir/ig/agenda/StructureDefinition/SolicitudServicio",
        "title": "Perfil de la Solicitud del Servicio"
      }
    ]
  },
  "usage": {
    "http://hl7.org/fhir/StructureDefinition/elementdefinition-bestpractice": [
      "StructureDefinition.snapshot.element.constraint"
    ],
    "http://hl7.org/fhir/StructureDefinition/elementdefinition-bestpractice-explanation": [
      "StructureDefinition.snapshot.element.constraint"
    ],
    "http://hl7.org/fhir/StructureDefinition/elementdefinition-bindingName": [
      "StructureDefinition.snapshot.element.binding"
    ],
    "http://hl7.org/fhir/StructureDefinition/elementdefinition-maxValueSet": [
      "StructureDefinition.snapshot.element.binding"
    ],
    "http://hl7.org/fhir/StructureDefinition/elementdefinition-translatable": [
      "StructureDefinition.snapshot.element"
    ],
    "http://hl7.org/fhir/StructureDefinition/regex": [
      "StructureDefinition.snapshot.element.type"
    ],
    "http://hl7.org/fhir/StructureDefinition/structuredefinition-fhir-type": [
      "StructureDefinition.snapshot.element.type"
    ],
    "http://hl7.org/fhir/StructureDefinition/structuredefinition-hierarchy": [
      "StructureDefinition.snapshot.element.type"
    ],
    "http://hl7.org/fhir/tools/StructureDefinition/ig-internal-dependency": [
      "ImplementationGuide.definition"
    ],
    "http://hl7.org/fhir/tools/StructureDefinition/ig-page-name": [
      "ImplementationGuide.definition.page",
      "ImplementationGuide.definition.page.page"
    ],
    "http://hl7.org/fhir/tools/StructureDefinition/ig-parameter": [
      "ImplementationGuide.definition"
    ],
    "http://hl7.org/fhir/tools/StructureDefinition/implementationguide-dependency-comment": [
      "ImplementationGuide.dependsOn"
    ],
    "http://hl7.org/fhir/tools/StructureDefinition/resource-information": [
      "ImplementationGuide.definition.resource"
    ],
    "http://hl7.org/fhir/tools/StructureDefinition/snapshot-base-version": [
      "StructureDefinition.snapshot"
    ],
    "https://hl7chile.cl/fhir/ig/clcore/StructureDefinition/CodigoPaises": [
      "Patient",
      "Patient.identifier.type"
    ],
    "https://hl7chile.cl/fhir/ig/clcore/StructureDefinition/IdContacto": [
      "Patient.contact"
    ],
    "https://hl7chile.cl/fhir/ig/clcore/StructureDefinition/IdentidadDeGenero": [
      "Patient",
      "Practitioner"
    ],
    "https://hl7chile.cl/fhir/ig/clcore/StructureDefinition/SegundoApellido": [
      "Patient.contact.name.family",
      "Patient.name.family",
      "Practitioner.name.family"
    ],
    "https://hl7chile.cl/fhir/ig/clcore/StructureDefinition/SexoBiologico": [
      "Patient",
      "Practitioner"
    ],
    "https://interoperabilidad.minsal.cl/fhir/ig/agenda/StructureDefinition/ApellidoServicio": [
      "Appointment",
      "Bundle.entry.resource"
    ],
    "https://interoperabilidad.minsal.cl/fhir/ig/agenda/StructureDefinition/Edad": [
      "Bundle.entry.resource",
      "Patient"
    ],
    "https://interoperabilidad.minsal.cl/fhir/ig/agenda/StructureDefinition/Servicios": [
      "Practitioner"
    ]
  }
}